FullName,timestamp,location,price
Vann Edvard,1/6/2014 7:28,Brew've Been Served,11.34
Cocinaro Hideki,1/6/2014 7:34,Hallowed Grounds,52.22
Fusil Stenig,1/6/2014 7:35,Brew've Been Served,8.33
Frente Birgitta,1/6/2014 7:36,Hallowed Grounds,16.72
Flecha Sven,1/6/2014 7:37,Brew've Been Served,4.24
Lais Cornelia,1/6/2014 7:38,Brew've Been Served,4.17
Bergen Linnea,1/6/2014 7:42,Coffee Cameleon,28.73
Bramar Mat,1/6/2014 7:43,Brew've Been Served,9.6
Tempestad Brand,1/6/2014 7:43,Brew've Been Served,16.9
Arpa Emile,1/6/2014 7:47,Hallowed Grounds,16.53
Orilla Kare,1/6/2014 7:48,Hallowed Grounds,10.66
Ovan Bertrand,1/6/2014 7:49,Coffee Cameleon,8.39
Osvaldo Hennie,1/6/2014 7:52,Brew've Been Served,32.83
Calixto Nils,1/6/2014 7:54,Hallowed Grounds,16.88
Nubarron Adra,1/6/2014 7:54,Coffee Cameleon,11.86
Pantanal Rachel,1/6/2014 7:54,Hallowed Grounds,32.93
Alcazar Lucas,1/6/2014 7:55,Hallowed Grounds,8.05
Lagos Varja,1/6/2014 7:55,Brew've Been Served,3.67
Ferro Inga,1/6/2014 7:59,Brew've Been Served,8.88
Mies Haber Ruscella,1/6/2014 8:00,Brew've Been Served,4.27
Ribera Anda,1/6/2014 8:00,Hallowed Grounds,9.69
Dedos Lidelse,1/6/2014 8:01,Hallowed Grounds,10.07
Bodrogi Loreto,1/6/2014 8:06,Brew've Been Served,18.24
Mies Minke,1/6/2014 8:06,Brew've Been Served,15.58
Resumir Felix,1/6/2014 8:07,Brew've Been Served,5.66
Forluniau Carla,1/6/2014 8:14,Coffee Cameleon,3.2
Herrero Kanon,1/6/2014 8:16,Brew've Been Served,14.97
Lagos Linda,1/6/2014 8:16,Brew've Been Served,11.2
Coginian Dante,1/6/2014 8:17,Brew've Been Served,15.39
Hafon Albina,1/6/2014 8:23,Abila Airport,4540.08
Hafon Albina,1/6/2014 9:06,Kronos Pipe and Irrigation,242.21
Morluniau Cecilia,1/6/2014 10:02,Nationwide Refinery,761.64
Hafon Albina,1/6/2014 10:18,Maximum Iron and Steel,2859.51
Morluniau Cecilia,1/6/2014 11:33,Stewart and Sons Fabrication,2144.62
Hafon Albina,1/6/2014 11:57,Carlyle Chemical Inc.,3959.66
Awelon Varro,1/6/2014 12:00,Coffee Shack,51.51
Azada Lars,1/6/2014 12:00,Bean There Done That,10.28
Balas Felix,1/6/2014 12:00,Bean There Done That,16.09
Barranco Ingrid,1/6/2014 12:00,Brewed Awakenings,5.72
Baza Isak,1/6/2014 12:00,Jack's Magical Beans,11.03
Borrasca Isande,1/6/2014 12:00,Brewed Awakenings,16.89
Calzas Axel,1/6/2014 12:00,Bean There Done That,8.54
Campo-Corrente Ada,1/6/2014 12:00,Brewed Awakenings,4.35
Cazar Gustav,1/6/2014 12:00,Bean There Done That,5.24
Frente Vira,1/6/2014 12:00,Bean There Done That,4.27
Orilla Elsa,1/6/2014 12:00,Jack's Magical Beans,18.59
Strum Orhan,1/6/2014 12:00,Jack's Magical Beans,27.84
Vasco-Pais Willem,1/6/2014 12:00,Jack's Magical Beans,18.1
Mies Henk,1/6/2014 12:16,Abila Airport,1873.79
Campo-Corrente Ada,1/6/2014 12:56,Katerina’s Café,13.68
Strum Orhan,1/6/2014 12:57,Hippokampos,9.16
Forluniau Carla,1/6/2014 13:18,Abila Zacharo,106.93
Bergen Linnea,1/6/2014 13:19,Gelatogalore,12.74
Lagos Varja,1/6/2014 13:19,Kalami Kafenion,70.1
Ribera Anda,1/6/2014 13:20,Hippokampos,34.03
Alcazar Lucas,1/6/2014 13:21,Hippokampos,28.23
Borrasca Isande,1/6/2014 13:22,Ouzeri Elian,38.9
Vann Edvard,1/6/2014 13:23,Hippokampos,13.26
Azada Lars,1/6/2014 13:24,Guy's Gyros,15.44
Barranco Ingrid,1/6/2014 13:27,Abila Zacharo,30.08
Herrero Kanon,1/6/2014 13:27,Abila Zacharo,50.14
Lagos Linda,1/6/2014 13:28,Katerina’s Café,33.54
Mies Haber Ruscella,1/6/2014 13:28,Kalami Kafenion,8.64
Flecha Sven,1/6/2014 13:30,Guy's Gyros,16.92
Pantanal Rachel,1/6/2014 13:35,Hippokampos,36.54
Vann Isia,1/6/2014 13:35,Abila Zacharo,92.05
Fusil Stenig,1/6/2014 13:37,Ouzeri Elian,20.56
Onda Marin,1/6/2014 13:39,Guy's Gyros,11.22
Calixto Nils,1/6/2014 13:41,Gelatogalore,22.64
Frente Vira,1/6/2014 13:42,Ouzeri Elian,20.4
Balas Felix,1/6/2014 13:46,Guy's Gyros,30.82
Baza Isak,1/6/2014 13:46,Katerina’s Café,18.56
Vasco-Pais Willem,1/6/2014 13:46,Guy's Gyros,99.67
Cazar Gustav,1/6/2014 13:47,Kalami Kafenion,22.13
Lais Cornelia,1/6/2014 13:48,Ouzeri Elian,20.74
Ovan Bertrand,1/6/2014 13:48,Ouzeri Elian,30.87
Dedos Lidelse,1/6/2014 13:50,Katerina’s Café,13.59
Frente Birgitta,1/6/2014 13:50,Katerina’s Café,32.64
Mies Minke,1/6/2014 13:52,Kalami Kafenion,22.31
Orilla Kare,1/6/2014 13:52,Gelatogalore,36.33
Nubarron Adra,1/6/2014 13:53,Katerina’s Café,36.95
Osvaldo Hennie,1/6/2014 13:54,Abila Zacharo,23.15
Calzas Axel,1/6/2014 13:57,Hippokampos,8.64
Coginian Dante,1/6/2014 13:58,Hippokampos,38.25
Bodrogi Loreto,1/6/2014 13:59,Katerina’s Café,39.41
Awelon Varro,1/6/2014 14:00,Kalami Kafenion,13.08
Ferro Inga,1/6/2014 14:00,Gelatogalore,23.41
Bramar Mat,1/6/2014 14:04,Hippokampos,30.88
Cocinaro Hideki,1/6/2014 14:05,Abila Zacharo,78.11
Arpa Emile,1/6/2014 14:15,Kalami Kafenion,27.4
Resumir Felix,1/6/2014 14:17,Katerina’s Café,19.65
Hafon Albina,1/6/2014 15:14,Abila Airport,777.06
Mies Henk,1/6/2014 15:39,Abila Airport,612.47
Lagos Varja,1/6/2014 17:28,U-Pump,59.51
Lagos Linda,1/6/2014 18:56,Katerina’s Café,78.65
Arpa Emile,1/6/2014 19:08,Katerina’s Café,26.46
Flecha Sven,1/6/2014 19:18,Guy's Gyros,39.29
Orilla Elsa,1/6/2014 19:50,Frydos Autosupply n' More,273.87
Bergen Linnea,1/6/2014 20:07,Katerina’s Café,23.63
Dedos Lidelse,1/6/2014 20:08,Katerina’s Café,12.32
Resumir Felix,1/6/2014 20:09,Guy's Gyros,11.94
Coginian Dante,1/6/2014 20:12,Frydos Autosupply n' More,80.85
Lagos Varja,1/6/2014 20:13,Guy's Gyros,22.57
Fusil Stenig,1/6/2014 20:15,Guy's Gyros,117.82
Lais Cornelia,1/6/2014 20:15,Frydos Autosupply n' More,175.87
Forluniau Carla,1/6/2014 20:19,Katerina’s Café,21.66
Cazar Gustav,1/6/2014 20:20,Hippokampos,35.34
Ferro Inga,1/6/2014 20:24,Guy's Gyros,28.94
Alcazar Lucas,1/6/2014 20:26,Albert's Fine Clothing,276.9
Cocinaro Hideki,1/6/2014 20:28,Guy's Gyros,95.29
Frente Vira,1/6/2014 20:29,Hippokampos,85.5
Osvaldo Hennie,1/6/2014 20:29,Katerina’s Café,17.92
Ribera Anda,1/6/2014 20:30,Katerina’s Café,28.0
Ovan Bertrand,1/6/2014 20:33,Katerina’s Café,15.52
Calzas Axel,1/6/2014 20:36,Hippokampos,26.8
Awelon Varro,1/6/2014 20:46,Hippokampos,24.41
Azada Lars,1/6/2014 20:46,Hippokampos,21.33
Mies Haber Ruscella,1/6/2014 20:47,Frydos Autosupply n' More,149.3
Vann Isia,1/6/2014 20:49,Shoppers' Delight,293.67
Barranco Ingrid,1/6/2014 20:52,Hippokampos,17.27
Orilla Kare,1/6/2014 20:59,Katerina’s Café,26.1
Frente Birgitta,1/6/2014 21:03,Katerina’s Café,10.72
Mies Minke,1/6/2014 21:03,Albert's Fine Clothing,121.76
Strum Orhan,1/6/2014 21:11,Hippokampos,28.14
Bramar Mat,1/6/2014 21:12,Katerina’s Café,26.51
Nubarron Adra,1/6/2014 21:23,Frydos Autosupply n' More,197.32
Onda Marin,1/6/2014 21:32,Frydos Autosupply n' More,314.98
Campo-Corrente Ada,1/6/2014 21:52,Hippokampos,20.61
Flecha Sven,1/7/2014 7:27,Brew've Been Served,5.08
Lais Cornelia,1/7/2014 7:31,Brew've Been Served,12.74
Vann Edvard,1/7/2014 7:33,Brew've Been Served,7.09
Calixto Nils,1/7/2014 7:35,Hallowed Grounds,14.05
Arpa Emile,1/7/2014 7:37,Hallowed Grounds,8.91
Dedos Lidelse,1/7/2014 7:41,Hallowed Grounds,19.59
Fusil Stenig,1/7/2014 7:45,Brew've Been Served,19.6
Alcazar Lucas,1/7/2014 7:46,Hallowed Grounds,84.44
Ovan Bertrand,1/7/2014 7:46,Coffee Cameleon,9.1
Onda Marin,1/7/2014 7:47,Hallowed Grounds,7.88
Cocinaro Hideki,1/7/2014 7:48,Hallowed Grounds,18.97
Bergen Linnea,1/7/2014 7:49,Coffee Cameleon,27.66
Mies Haber Ruscella,1/7/2014 7:50,Brew've Been Served,4.39
Orilla Kare,1/7/2014 7:50,Hallowed Grounds,9.61
Mies Minke,1/7/2014 7:52,Brew've Been Served,3.0
Herrero Kanon,1/7/2014 7:54,Brew've Been Served,11.92
Lagos Varja,1/7/2014 7:55,Brew've Been Served,69.06
Tempestad Brand,1/7/2014 7:56,Brew've Been Served,98.53
Ribera Anda,1/7/2014 7:57,Hallowed Grounds,10.33
Coginian Dante,1/7/2014 7:58,Brew've Been Served,17.4
Bramar Mat,1/7/2014 8:00,Brew've Been Served,11.91
Nubarron Adra,1/7/2014 8:00,Coffee Cameleon,11.55
Forluniau Carla,1/7/2014 8:01,Coffee Cameleon,52.44
Frente Birgitta,1/7/2014 8:01,Hallowed Grounds,9.92
Pantanal Rachel,1/7/2014 8:01,Hallowed Grounds,68.42
Osvaldo Hennie,1/7/2014 8:02,Brew've Been Served,14.49
Ferro Inga,1/7/2014 8:06,Brew've Been Served,3.03
Lagos Linda,1/7/2014 8:09,Brew've Been Served,15.66
Resumir Felix,1/7/2014 8:18,Brew've Been Served,47.74
Hawelon Benito,1/7/2014 9:17,Abila Airport,3840.37
Hawelon Benito,1/7/2014 10:05,Stewart and Sons Fabrication,1200.9
Morluniau Cecilia,1/7/2014 10:11,Nationwide Refinery,1347.36
Morluniau Cecilia,1/7/2014 11:31,Stewart and Sons Fabrication,1843.33
Morlun Valeria,1/7/2014 11:39,Nationwide Refinery,1562.66
Awelon Varro,1/7/2014 12:00,Coffee Shack,16.63
Azada Lars,1/7/2014 12:00,Bean There Done That,51.25
Barranco Ingrid,1/7/2014 12:00,Brewed Awakenings,12.17
Baza Isak,1/7/2014 12:00,Jack's Magical Beans,23.68
Bodrogi Loreto,1/7/2014 12:00,Brewed Awakenings,64.84
Borrasca Isande,1/7/2014 12:00,Brewed Awakenings,71.59
Calzas Axel,1/7/2014 12:00,Bean There Done That,53.89
Campo-Corrente Ada,1/7/2014 12:00,Brewed Awakenings,6.72
Cazar Gustav,1/7/2014 12:00,Bean There Done That,8.03
Frente Vira,1/7/2014 12:00,Bean There Done That,46.25
Orilla Elsa,1/7/2014 12:00,Jack's Magical Beans,18.77
Strum Orhan,1/7/2014 12:00,Jack's Magical Beans,19.61
Vasco-Pais Willem,1/7/2014 12:00,Jack's Magical Beans,69.84
Hawelon Benito,1/7/2014 12:02,Nationwide Refinery,1071.04
Mies Henk,1/7/2014 12:29,Abila Airport,124.89
Morlun Valeria,1/7/2014 13:08,Katerina’s Café,59.07
Strum Orhan,1/7/2014 13:13,Guy's Gyros,29.57
Azada Lars,1/7/2014 13:20,Abila Zacharo,13.52
Campo-Corrente Ada,1/7/2014 13:20,Gelatogalore,35.06
Vann Isia,1/7/2014 13:20,Guy's Gyros,38.56
Herrero Kanon,1/7/2014 13:24,Kalami Kafenion,45.05
Mies Haber Ruscella,1/7/2014 13:24,Kalami Kafenion,11.64
Baza Isak,1/7/2014 13:25,Abila Zacharo,82.25
Nubarron Adra,1/7/2014 13:29,Ouzeri Elian,29.1
Onda Marin,1/7/2014 13:30,Gelatogalore,51.64
Bramar Mat,1/7/2014 13:32,Ouzeri Elian,28.37
Barranco Ingrid,1/7/2014 13:33,Abila Zacharo,52.72
Bergen Linnea,1/7/2014 13:33,Gelatogalore,34.04
Calixto Nils,1/7/2014 13:33,Katerina’s Café,22.27
Fusil Stenig,1/7/2014 13:33,Guy's Gyros,11.31
Vann Edvard,1/7/2014 13:33,Kalami Kafenion,18.06
Frente Vira,1/7/2014 13:34,Ouzeri Elian,64.84
Vasco-Pais Willem,1/7/2014 13:35,Gelatogalore,8.98
Alcazar Lucas,1/7/2014 13:37,Gelatogalore,21.52
Osvaldo Hennie,1/7/2014 13:39,Gelatogalore,17.21
Lagos Varja,1/7/2014 13:41,Katerina’s Café,51.41
Tempestad Brand,1/7/2014 13:41,Abila Zacharo,17.81
Lais Cornelia,1/7/2014 13:42,Ouzeri Elian,97.71
Forluniau Carla,1/7/2014 13:44,Abila Zacharo,32.4
Calzas Axel,1/7/2014 13:45,Kalami Kafenion,22.83
Balas Felix,1/7/2014 13:46,Guy's Gyros,10.11
Cocinaro Hideki,1/7/2014 13:46,Kalami Kafenion,22.14
Pantanal Rachel,1/7/2014 13:49,Gelatogalore,36.5
Lagos Linda,1/7/2014 13:50,Ouzeri Elian,21.85
Dedos Lidelse,1/7/2014 13:52,Gelatogalore,71.77
Bodrogi Loreto,1/7/2014 13:53,Hippokampos,51.69
Ovan Bertrand,1/7/2014 13:54,Gelatogalore,88.97
Ferro Inga,1/7/2014 13:55,Abila Zacharo,65.9
Cazar Gustav,1/7/2014 13:56,Ouzeri Elian,16.2
Coginian Dante,1/7/2014 13:57,Katerina’s Café,37.44
Ribera Anda,1/7/2014 13:57,Gelatogalore,15.4
Orilla Kare,1/7/2014 14:00,Hippokampos,76.11
Mies Minke,1/7/2014 14:07,Katerina’s Café,10.9
Frente Birgitta,1/7/2014 14:09,Guy's Gyros,12.57
Resumir Felix,1/7/2014 14:09,Ouzeri Elian,59.51
Arpa Emile,1/7/2014 14:11,Hippokampos,37.57
Scozzese Dylan,1/7/2014 14:16,Abila Scrapyard,2149.28
Nant Irene,1/7/2014 14:19,Kronos Pipe and Irrigation,3920.82
Morlun Valeria,1/7/2014 14:34,Carlyle Chemical Inc.,4803.13
Scozzese Dylan,1/7/2014 15:03,Stewart and Sons Fabrication,962.2
Nant Irene,1/7/2014 15:20,Maximum Iron and Steel,3207.31
Mies Henk,1/7/2014 15:41,Abila Airport,3411.29
Scozzese Dylan,1/7/2014 16:24,Nationwide Refinery,889.58
Ferro Inga,1/7/2014 19:45,Guy's Gyros,14.87
Lagos Varja,1/7/2014 19:48,Guy's Gyros,31.23
Calzas Axel,1/7/2014 20:01,Hippokampos,20.17
Azada Lars,1/7/2014 20:02,Hippokampos,11.56
Frente Vira,1/7/2014 20:04,Albert's Fine Clothing,308.36
Bergen Linnea,1/7/2014 20:09,Katerina’s Café,19.49
Awelon Varro,1/7/2014 20:10,Albert's Fine Clothing,78.91
Flecha Sven,1/7/2014 20:10,Guy's Gyros,42.25
Vann Edvard,1/7/2014 20:10,Guy's Gyros,26.82
Nubarron Adra,1/7/2014 20:11,Katerina’s Café,10.07
Tempestad Brand,1/7/2014 20:11,Guy's Gyros,76.71
Dedos Lidelse,1/7/2014 20:12,Katerina’s Café,55.63
Calixto Nils,1/7/2014 20:13,Katerina’s Café,94.75
Coginian Dante,1/7/2014 20:13,Katerina’s Café,65.02
Bodrogi Loreto,1/7/2014 20:14,Guy's Gyros,62.33
Orilla Elsa,1/7/2014 20:15,Ouzeri Elian,11.41
Lagos Linda,1/7/2014 20:18,Katerina’s Café,31.6
Vann Isia,1/7/2014 20:19,Guy's Gyros,89.76
Resumir Felix,1/7/2014 20:20,Frydos Autosupply n' More,312.73
Ovan Bertrand,1/7/2014 20:32,Katerina’s Café,19.53
Frente Birgitta,1/7/2014 20:33,Katerina’s Café,17.26
Ribera Anda,1/7/2014 20:33,Katerina’s Café,25.54
Cazar Gustav,1/7/2014 20:34,Hippokampos,70.19
Lais Cornelia,1/7/2014 20:34,Guy's Gyros,23.12
Orilla Kare,1/7/2014 20:47,Katerina’s Café,32.83
Pantanal Rachel,1/7/2014 20:49,Ouzeri Elian,20.53
Strum Orhan,1/7/2014 20:51,Hippokampos,32.99
Osvaldo Hennie,1/7/2014 21:01,Katerina’s Café,33.29
Borrasca Isande,1/7/2014 21:03,Hippokampos,21.2
Vasco-Pais Willem,1/7/2014 21:17,Hippokampos,37.88
Onda Marin,1/7/2014 21:19,Katerina’s Café,18.35
Barranco Ingrid,1/7/2014 21:21,Hippokampos,35.85
Campo-Corrente Ada,1/7/2014 21:51,Hippokampos,22.18
Vann Isia,1/8/2014 7:31,Brew've Been Served,15.66
Cocinaro Hideki,1/8/2014 7:39,Hallowed Grounds,12.19
Dedos Lidelse,1/8/2014 7:39,Hallowed Grounds,8.15
Onda Marin,1/8/2014 7:39,Hallowed Grounds,8.28
Arpa Emile,1/8/2014 7:40,Hallowed Grounds,5.85
Bramar Mat,1/8/2014 7:42,Brew've Been Served,3.09
Frente Birgitta,1/8/2014 7:43,Hallowed Grounds,3.4
Orilla Kare,1/8/2014 7:47,Hallowed Grounds,3.11
Bodrogi Loreto,1/8/2014 7:48,Brew've Been Served,32.92
Fusil Stenig,1/8/2014 7:48,Brew've Been Served,8.27
Tempestad Brand,1/8/2014 7:48,Brew've Been Served,19.17
Osvaldo Hennie,1/8/2014 7:50,Brew've Been Served,33.68
Pantanal Rachel,1/8/2014 7:50,Hallowed Grounds,3.9
Bergen Linnea,1/8/2014 7:51,Coffee Cameleon,6.59
Ovan Bertrand,1/8/2014 7:52,Coffee Cameleon,12.26
Calixto Nils,1/8/2014 7:55,Hallowed Grounds,79.92
Lagos Varja,1/8/2014 7:55,Brew've Been Served,91.87
Alcazar Lucas,1/8/2014 7:56,Hallowed Grounds,12.86
Lais Cornelia,1/8/2014 7:57,Brew've Been Served,74.88
Ribera Anda,1/8/2014 7:57,Hallowed Grounds,11.63
Mies Haber Ruscella,1/8/2014 7:58,Brew've Been Served,8.4
Nubarron Adra,1/8/2014 7:59,Coffee Cameleon,15.71
Vann Edvard,1/8/2014 8:00,Brew've Been Served,32.3
Coginian Dante,1/8/2014 8:01,Brew've Been Served,3.92
Ferro Inga,1/8/2014 8:01,Brew've Been Served,17.13
Flecha Sven,1/8/2014 8:01,Brew've Been Served,3.42
Resumir Felix,1/8/2014 8:03,Brew've Been Served,10.15
Lagos Linda,1/8/2014 8:09,Brew've Been Served,11.48
Herrero Kanon,1/8/2014 8:16,Brew've Been Served,7.26
Mies Minke,1/8/2014 8:18,Brew've Been Served,6.3
Forluniau Carla,1/8/2014 8:22,Coffee Cameleon,16.17
Morlun Valeria,1/8/2014 9:43,Carlyle Chemical Inc.,3048.31
Morlun Adan,1/8/2014 9:54,Nationwide Refinery,4513.16
Morluniau Cecilia,1/8/2014 10:14,Nationwide Refinery,3674.32
Morlun Adan,1/8/2014 11:28,Stewart and Sons Fabrication,1738.26
Morluniau Cecilia,1/8/2014 11:58,Stewart and Sons Fabrication,1673.77
Awelon Varro,1/8/2014 12:00,Coffee Shack,13.13
Azada Lars,1/8/2014 12:00,Bean There Done That,17.45
Balas Felix,1/8/2014 12:00,Bean There Done That,12.07
Barranco Ingrid,1/8/2014 12:00,Brewed Awakenings,11.73
Baza Isak,1/8/2014 12:00,Jack's Magical Beans,3.96
Borrasca Isande,1/8/2014 12:00,Brewed Awakenings,12.32
Calzas Axel,1/8/2014 12:00,Bean There Done That,8.06
Campo-Corrente Ada,1/8/2014 12:00,Brewed Awakenings,15.03
Cazar Gustav,1/8/2014 12:00,Bean There Done That,94.96
Orilla Elsa,1/8/2014 12:00,Jack's Magical Beans,18.78
Strum Orhan,1/8/2014 12:00,Jack's Magical Beans,12.37
Vasco-Pais Willem,1/8/2014 12:00,Jack's Magical Beans,31.25
Bodrogi Loreto,1/8/2014 12:29,Frank's Fuel,65.34
Mies Henk,1/8/2014 12:45,Abila Airport,2723.18
Borrasca Isande,1/8/2014 12:56,Chostus Hotel,107.51
Nant Irene,1/8/2014 13:03,Carlyle Chemical Inc.,4983.52
Mies Haber Ruscella,1/8/2014 13:10,Abila Zacharo,22.13
Campo-Corrente Ada,1/8/2014 13:12,Hippokampos,26.55
Vann Edvard,1/8/2014 13:15,Hippokampos,9.03
Morlun Valeria,1/8/2014 13:19,Katerina’s Café,29.26
Tempestad Brand,1/8/2014 13:19,Chostus Hotel,111.89
Strum Orhan,1/8/2014 13:21,Ouzeri Elian,109.73
Vasco-Pais Willem,1/8/2014 13:23,Abila Zacharo,36.85
Bergen Linnea,1/8/2014 13:26,Hippokampos,16.59
Lagos Linda,1/8/2014 13:27,Gelatogalore,32.79
Baza Isak,1/8/2014 13:28,Katerina’s Café,8.53
Osvaldo Hennie,1/8/2014 13:28,Gelatogalore,20.72
Ovan Bertrand,1/8/2014 13:29,Kalami Kafenion,24.08
Cazar Gustav,1/8/2014 13:31,Hippokampos,37.89
Flecha Sven,1/8/2014 13:32,Guy's Gyros,30.12
Azada Lars,1/8/2014 13:34,Abila Zacharo,14.41
Onda Marin,1/8/2014 13:34,Katerina’s Café,88.98
Herrero Kanon,1/8/2014 13:38,Gelatogalore,50.36
Lagos Varja,1/8/2014 13:39,Gelatogalore,119.75
Bodrogi Loreto,1/8/2014 13:40,Guy's Gyros,77.9
Nubarron Adra,1/8/2014 13:41,Katerina’s Café,26.45
Calixto Nils,1/8/2014 13:42,Gelatogalore,35.29
Coginian Dante,1/8/2014 13:42,Kalami Kafenion,22.49
Frente Vira,1/8/2014 13:42,Katerina’s Café,57.04
Alcazar Lucas,1/8/2014 13:43,Hippokampos,39.8
Vann Isia,1/8/2014 13:44,Kalami Kafenion,31.96
Orilla Kare,1/8/2014 13:45,Kalami Kafenion,23.82
Pantanal Rachel,1/8/2014 13:46,Abila Zacharo,28.25
Calzas Axel,1/8/2014 13:47,Katerina’s Café,27.05
Forluniau Carla,1/8/2014 13:47,Gelatogalore,22.27
Lais Cornelia,1/8/2014 13:47,Ouzeri Elian,104.92
Balas Felix,1/8/2014 13:48,Hippokampos,28.79
Ferro Inga,1/8/2014 13:48,Gelatogalore,116.72
Dedos Lidelse,1/8/2014 13:51,Guy's Gyros,15.86
Resumir Felix,1/8/2014 13:51,Abila Zacharo,30.85
Fusil Stenig,1/8/2014 13:52,Kalami Kafenion,14.77
Frente Birgitta,1/8/2014 13:53,Abila Zacharo,16.2
Mies Minke,1/8/2014 13:57,Guy's Gyros,10.34
Cocinaro Hideki,1/8/2014 14:06,Katerina’s Café,22.94
Nant Irene,1/8/2014 14:09,Kronos Pipe and Irrigation,3615.61
Awelon Varro,1/8/2014 14:15,Kalami Kafenion,34.98
Bramar Mat,1/8/2014 14:17,Gelatogalore,39.94
Arpa Emile,1/8/2014 14:19,Kalami Kafenion,31.43
Morlun Valeria,1/8/2014 14:26,Carlyle Chemical Inc.,4901.88
Nant Irene,1/8/2014 15:18,Maximum Iron and Steel,3136.01
Mies Henk,1/8/2014 15:29,Abila Airport,2769.12
Azada Lars,1/8/2014 19:21,Hippokampos,10.52
Borrasca Isande,1/8/2014 19:28,Hippokampos,16.54
Mies Haber Ruscella,1/8/2014 19:32,Katerina’s Café,34.25
Vann Isia,1/8/2014 19:36,Guy's Gyros,15.69
Mies Minke,1/8/2014 19:48,Guy's Gyros,30.48
Lagos Linda,1/8/2014 20:00,Katerina’s Café,13.83
Frente Vira,1/8/2014 20:02,Hippokampos,32.66
Flecha Sven,1/8/2014 20:07,Guy's Gyros,28.81
Forluniau Carla,1/8/2014 20:07,Frydos Autosupply n' More,214.07
Lais Cornelia,1/8/2014 20:08,Guy's Gyros,33.02
Onda Marin,1/8/2014 20:08,Katerina’s Café,31.59
Herrero Kanon,1/8/2014 20:12,Ouzeri Elian,62.2
Lagos Varja,1/8/2014 20:15,Guy's Gyros,99.08
Bodrogi Loreto,1/8/2014 20:17,Frydos Autosupply n' More,182.56
Tempestad Brand,1/8/2014 20:17,Guy's Gyros,18.24
Nubarron Adra,1/8/2014 20:27,Katerina’s Café,33.31
Awelon Varro,1/8/2014 20:28,Hippokampos,96.75
Ribera Anda,1/8/2014 20:28,Frydos Autosupply n' More,268.89
Calixto Nils,1/8/2014 20:31,Katerina’s Café,36.6
Coginian Dante,1/8/2014 20:35,Katerina’s Café,16.93
Ovan Bertrand,1/8/2014 20:42,Katerina’s Café,92.83
Balas Felix,1/8/2014 20:45,Albert's Fine Clothing,136.01
Campo-Corrente Ada,1/8/2014 20:49,Hippokampos,15.64
Barranco Ingrid,1/8/2014 20:53,Hippokampos,26.31
Resumir Felix,1/8/2014 20:57,Guy's Gyros,10.28
Ferro Inga,1/8/2014 20:58,Guy's Gyros,22.91
Cocinaro Hideki,1/8/2014 21:00,General Grocer,265.84
Bramar Mat,1/8/2014 21:02,Katerina’s Café,28.86
Dedos Lidelse,1/8/2014 21:09,Katerina’s Café,27.87
Alcazar Lucas,1/8/2014 21:16,Ouzeri Elian,30.81
Baza Isak,1/8/2014 21:17,Ouzeri Elian,29.85
Vasco-Pais Willem,1/8/2014 21:32,Hippokampos,78.99
Bergen Linnea,1/9/2014 7:35,Coffee Cameleon,12.47
Tempestad Brand,1/9/2014 7:36,Brew've Been Served,70.71
Onda Marin,1/9/2014 7:37,Hallowed Grounds,17.56
Ovan Bertrand,1/9/2014 7:37,Coffee Cameleon,19.99
Cocinaro Hideki,1/9/2014 7:42,Hallowed Grounds,56.77
Lais Cornelia,1/9/2014 7:43,Brew've Been Served,5.43
Arpa Emile,1/9/2014 7:46,Hallowed Grounds,75.24
Bramar Mat,1/9/2014 7:46,Brew've Been Served,4.4
Flecha Sven,1/9/2014 7:48,Brew've Been Served,5.3
Vann Isia,1/9/2014 7:48,Brew've Been Served,34.85
Vann Edvard,1/9/2014 7:48,Brew've Been Served,5.13
Alcazar Lucas,1/9/2014 7:50,Hallowed Grounds,34.45
Calixto Nils,1/9/2014 7:51,Hallowed Grounds,19.22
Coginian Dante,1/9/2014 7:56,Brew've Been Served,98.25
Frente Birgitta,1/9/2014 7:57,Hallowed Grounds,18.48
Lagos Linda,1/9/2014 7:57,Brew've Been Served,5.26
Osvaldo Hennie,1/9/2014 7:57,Hallowed Grounds,50.25
Resumir Felix,1/9/2014 7:58,Brew've Been Served,19.47
Ferro Inga,1/9/2014 8:00,Brew've Been Served,6.61
Mies Minke,1/9/2014 8:00,Brew've Been Served,6.21
Lagos Varja,1/9/2014 8:01,Brew've Been Served,92.12
Nubarron Adra,1/9/2014 8:03,Coffee Cameleon,16.13
Orilla Kare,1/9/2014 8:07,Hallowed Grounds,65.68
Herrero Kanon,1/9/2014 8:14,Brew've Been Served,17.64
Mies Haber Ruscella,1/9/2014 8:15,Brew've Been Served,5.57
Pantanal Rachel,1/9/2014 8:15,Hallowed Grounds,15.33
Hawelon Benito,1/9/2014 9:26,Abila Airport,2358.22
Morlun Valeria,1/9/2014 9:54,Carlyle Chemical Inc.,529.47
Morluniau Cecilia,1/9/2014 10:16,Nationwide Refinery,674.28
Hawelon Benito,1/9/2014 10:38,Stewart and Sons Fabrication,1015.65
Nant Irene,1/9/2014 11:21,Carlyle Chemical Inc.,732.82
Morlun Valeria,1/9/2014 11:34,Nationwide Refinery,289.3
Morluniau Cecilia,1/9/2014 11:37,Stewart and Sons Fabrication,3544.0
Awelon Varro,1/9/2014 12:00,Coffee Shack,5.01
Azada Lars,1/9/2014 12:00,Bean There Done That,13.0
Barranco Ingrid,1/9/2014 12:00,Brewed Awakenings,11.76
Baza Isak,1/9/2014 12:00,Jack's Magical Beans,10.11
Bodrogi Loreto,1/9/2014 12:00,Jack's Magical Beans,6.0
Borrasca Isande,1/9/2014 12:00,Brewed Awakenings,13.16
Calzas Axel,1/9/2014 12:00,Bean There Done That,4.06
Campo-Corrente Ada,1/9/2014 12:00,Brewed Awakenings,17.66
Cazar Gustav,1/9/2014 12:00,Bean There Done That,15.53
Orilla Elsa,1/9/2014 12:00,Jack's Magical Beans,12.13
Strum Orhan,1/9/2014 12:00,Jack's Magical Beans,15.55
Vasco-Pais Willem,1/9/2014 12:00,Jack's Magical Beans,37.43
Mies Henk,1/9/2014 12:13,Abila Airport,202.93
Hawelon Benito,1/9/2014 12:49,Nationwide Refinery,1440.39
Campo-Corrente Ada,1/9/2014 12:59,Ouzeri Elian,31.03
Bergen Linnea,1/9/2014 13:03,Katerina’s Café,17.02
Mies Haber Ruscella,1/9/2014 13:12,Gelatogalore,19.2
Scozzese Dylan,1/9/2014 13:18,Abila Airport,4792.5
Barranco Ingrid,1/9/2014 13:21,Ouzeri Elian,26.09
Vann Edvard,1/9/2014 13:21,Gelatogalore,23.45
Vann Isia,1/9/2014 13:21,Guy's Gyros,105.4
Baza Isak,1/9/2014 13:23,Gelatogalore,8.6
Borrasca Isande,1/9/2014 13:23,Gelatogalore,56.74
Fusil Stenig,1/9/2014 13:23,Ouzeri Elian,22.4
Morlun Valeria,1/9/2014 13:23,Katerina’s Café,16.98
Lagos Varja,1/9/2014 13:24,Abila Zacharo,8.16
Frente Vira,1/9/2014 13:27,Kalami Kafenion,110.76
Strum Orhan,1/9/2014 13:27,Katerina’s Café,25.85
Calixto Nils,1/9/2014 13:28,Guy's Gyros,13.59
Forluniau Carla,1/9/2014 13:29,Hippokampos,27.47
Vasco-Pais Willem,1/9/2014 13:32,Abila Zacharo,8.6
Bodrogi Loreto,1/9/2014 13:35,Katerina’s Café,10.42
Lagos Linda,1/9/2014 13:35,Gelatogalore,23.23
Tempestad Brand,1/9/2014 13:36,Hippokampos,27.93
Cazar Gustav,1/9/2014 13:37,Hippokampos,9.12
Flecha Sven,1/9/2014 13:38,Kalami Kafenion,18.14
Dedos Lidelse,1/9/2014 13:40,Abila Zacharo,20.73
Osvaldo Hennie,1/9/2014 13:40,Gelatogalore,11.94
Alcazar Lucas,1/9/2014 13:41,Abila Zacharo,89.41
Balas Felix,1/9/2014 13:41,Hippokampos,8.43
Lais Cornelia,1/9/2014 13:41,Hippokampos,39.22
Azada Lars,1/9/2014 13:43,Guy's Gyros,74.91
Frente Birgitta,1/9/2014 13:44,Guy's Gyros,15.0
Pantanal Rachel,1/9/2014 13:45,Gelatogalore,24.68
Herrero Kanon,1/9/2014 13:47,Abila Zacharo,48.39
Onda Marin,1/9/2014 13:51,Hippokampos,13.84
Nubarron Adra,1/9/2014 13:53,Hippokampos,16.65
Bramar Mat,1/9/2014 13:56,Kalami Kafenion,19.84
Mies Minke,1/9/2014 13:56,Hippokampos,65.7
Resumir Felix,1/9/2014 13:56,Guy's Gyros,8.87
Ribera Anda,1/9/2014 14:03,Kalami Kafenion,35.99
Arpa Emile,1/9/2014 14:04,Kalami Kafenion,10.94
Cocinaro Hideki,1/9/2014 14:04,Ouzeri Elian,32.89
Calzas Axel,1/9/2014 14:06,Katerina’s Café,8.01
Coginian Dante,1/9/2014 14:09,Guy's Gyros,27.69
Scozzese Dylan,1/9/2014 14:12,Abila Scrapyard,1158.36
Ovan Bertrand,1/9/2014 14:13,Guy's Gyros,17.44
Ferro Inga,1/9/2014 14:15,Abila Zacharo,14.37
Awelon Varro,1/9/2014 14:18,Gelatogalore,36.75
Morlun Valeria,1/9/2014 14:26,Carlyle Chemical Inc.,382.43
Nant Irene,1/9/2014 14:28,Kronos Pipe and Irrigation,423.14
Scozzese Dylan,1/9/2014 15:00,Stewart and Sons Fabrication,918.6
Nant Irene,1/9/2014 15:16,Maximum Iron and Steel,1527.14
Mies Henk,1/9/2014 15:50,Abila Airport,4538.52
Morlun Valeria,1/9/2014 16:22,Carlyle Chemical Inc.,2176.2
Scozzese Dylan,1/9/2014 16:27,Nationwide Refinery,1322.5
Arpa Emile,1/9/2014 19:25,Katerina’s Café,35.92
Ovan Bertrand,1/9/2014 19:30,Katerina’s Café,26.6
Lagos Varja,1/9/2014 19:32,Frydos Autosupply n' More,138.02
Vann Isia,1/9/2014 19:41,Guy's Gyros,31.81
Baza Isak,1/9/2014 19:42,Ouzeri Elian,27.08
Orilla Elsa,1/9/2014 19:43,Ouzeri Elian,31.07
Fusil Stenig,1/9/2014 19:52,Guy's Gyros,29.96
Borrasca Isande,1/9/2014 20:05,Hippokampos,15.02
Bramar Mat,1/9/2014 20:06,Katerina’s Café,26.6
Orilla Kare,1/9/2014 20:08,Katerina’s Café,19.02
Ribera Anda,1/9/2014 20:09,Katerina’s Café,90.97
Calzas Axel,1/9/2014 20:15,Hippokampos,70.68
Vann Edvard,1/9/2014 20:19,General Grocer,285.34
Osvaldo Hennie,1/9/2014 20:20,Katerina’s Café,91.14
Resumir Felix,1/9/2014 20:20,Frydos Autosupply n' More,31.24
Awelon Varro,1/9/2014 20:21,Albert's Fine Clothing,224.52
Cazar Gustav,1/9/2014 20:21,Frydos Autosupply n' More,120.65
Coginian Dante,1/9/2014 20:22,Katerina’s Café,29.82
Calixto Nils,1/9/2014 20:23,Guy's Gyros,8.23
Herrero Kanon,1/9/2014 20:24,Guy's Gyros,18.26
Mies Haber Ruscella,1/9/2014 20:27,Katerina’s Café,53.78
Bergen Linnea,1/9/2014 20:29,Guy's Gyros,23.34
Forluniau Carla,1/9/2014 20:38,Katerina’s Café,30.69
Lais Cornelia,1/9/2014 20:38,Guy's Gyros,8.23
Flecha Sven,1/9/2014 20:39,Guy's Gyros,35.05
Vasco-Pais Willem,1/9/2014 20:41,Hippokampos,9.13
Bodrogi Loreto,1/9/2014 20:45,Frydos Autosupply n' More,276.75
Frente Vira,1/9/2014 21:01,Hippokampos,24.96
Mies Minke,1/9/2014 21:09,Guy's Gyros,31.31
Strum Orhan,1/9/2014 21:12,Hippokampos,23.66
Pantanal Rachel,1/9/2014 21:13,Shoppers' Delight,258.43
Onda Marin,1/9/2014 21:18,Katerina’s Café,8.57
Campo-Corrente Ada,1/9/2014 21:27,Albert's Fine Clothing,229.98
Balas Felix,1/9/2014 21:38,Hippokampos,10.12
Arpa Emile,1/10/2014 7:34,Hallowed Grounds,16.75
Fusil Stenig,1/10/2014 7:35,Brew've Been Served,15.85
Bergen Linnea,1/10/2014 7:40,Coffee Cameleon,8.51
Dedos Lidelse,1/10/2014 7:41,Hallowed Grounds,12.03
Frente Birgitta,1/10/2014 7:41,Hallowed Grounds,8.34
Onda Marin,1/10/2014 7:41,Hallowed Grounds,11.49
Lagos Varja,1/10/2014 7:45,Brew've Been Served,5.01
Orilla Kare,1/10/2014 7:45,Hallowed Grounds,11.38
Pantanal Rachel,1/10/2014 7:46,Hallowed Grounds,17.63
Bramar Mat,1/10/2014 7:47,Brew've Been Served,44.88
Ovan Bertrand,1/10/2014 7:47,Coffee Cameleon,11.54
Osvaldo Hennie,1/10/2014 7:48,Brew've Been Served,13.32
Calixto Nils,1/10/2014 7:49,Hallowed Grounds,10.34
Tempestad Brand,1/10/2014 7:49,Brew've Been Served,89.93
Cocinaro Hideki,1/10/2014 7:50,Hallowed Grounds,10.76
Mies Haber Ruscella,1/10/2014 7:51,Brew've Been Served,12.77
Flecha Sven,1/10/2014 7:54,Brew've Been Served,83.44
Forluniau Carla,1/10/2014 7:54,Coffee Cameleon,9.69
Lais Cornelia,1/10/2014 7:55,Brew've Been Served,85.91
Vann Edvard,1/10/2014 7:56,Brew've Been Served,97.25
Vann Isia,1/10/2014 7:56,Brew've Been Served,90.72
Hawelon Claudio,1/10/2014 7:59,Abila Airport,4039.36
Herrero Kanon,1/10/2014 8:01,Brew've Been Served,5.89
Resumir Felix,1/10/2014 8:01,Brew've Been Served,5.31
Ribera Anda,1/10/2014 8:06,Hallowed Grounds,9.34
Bodrogi Loreto,1/10/2014 8:09,Brew've Been Served,14.45
Ferro Inga,1/10/2014 8:09,Brew've Been Served,3.03
Nubarron Adra,1/10/2014 8:11,Coffee Cameleon,13.25
Coginian Dante,1/10/2014 8:17,Brew've Been Served,8.47
Mies Minke,1/10/2014 8:17,Brew've Been Served,12.64
Lagos Linda,1/10/2014 8:20,Brew've Been Served,14.36
Hawelon Claudio,1/10/2014 9:09,Carlyle Chemical Inc.,227.81
Barranco Ingrid,1/10/2014 9:30,Kronos Mart,203.91
Morluniau Cecilia,1/10/2014 10:00,Nationwide Refinery,1552.82
Hawelon Claudio,1/10/2014 10:40,Nationwide Refinery,2302.73
Morluniau Cecilia,1/10/2014 11:49,Stewart and Sons Fabrication,4074.1
Azada Lars,1/10/2014 12:00,Bean There Done That,15.39
Balas Felix,1/10/2014 12:00,Bean There Done That,3.92
Barranco Ingrid,1/10/2014 12:00,Brewed Awakenings,13.82
Baza Isak,1/10/2014 12:00,Jack's Magical Beans,15.69
Borrasca Isande,1/10/2014 12:00,Brewed Awakenings,6.17
Calzas Axel,1/10/2014 12:00,Bean There Done That,13.41
Campo-Corrente Ada,1/10/2014 12:00,Brewed Awakenings,13.9
Cazar Gustav,1/10/2014 12:00,Bean There Done That,18.67
Frente Vira,1/10/2014 12:00,Bean There Done That,9.3
Orilla Elsa,1/10/2014 12:00,Jack's Magical Beans,16.29
Strum Orhan,1/10/2014 12:00,Jack's Magical Beans,5.46
Vasco-Pais Willem,1/10/2014 12:00,Jack's Magical Beans,8.22
Hawelon Claudio,1/10/2014 12:10,Stewart and Sons Fabrication,4195.49
Tempestad Brand,1/10/2014 13:08,Chostus Hotel,133.25
Borrasca Isande,1/10/2014 13:11,Chostus Hotel,197.41
Strum Orhan,1/10/2014 13:12,Guy's Gyros,36.44
Alcazar Lucas,1/10/2014 13:16,Ouzeri Elian,30.71
Vann Edvard,1/10/2014 13:20,Hippokampos,79.26
Fusil Stenig,1/10/2014 13:25,Guy's Gyros,26.76
Bergen Linnea,1/10/2014 13:27,Guy's Gyros,15.93
Baza Isak,1/10/2014 13:29,Abila Zacharo,113.33
Barranco Ingrid,1/10/2014 13:30,Katerina’s Café,34.76
Lagos Varja,1/10/2014 13:30,Kalami Kafenion,35.69
Azada Lars,1/10/2014 13:35,Gelatogalore,26.15
Bodrogi Loreto,1/10/2014 13:35,Ouzeri Elian,35.24
Orilla Elsa,1/10/2014 13:35,Kalami Kafenion,101.5
Onda Marin,1/10/2014 13:36,Abila Zacharo,36.73
Vann Isia,1/10/2014 13:36,Katerina’s Café,25.36
Flecha Sven,1/10/2014 13:38,Guy's Gyros,26.68
Forluniau Carla,1/10/2014 13:38,Katerina’s Café,21.22
Vasco-Pais Willem,1/10/2014 13:40,Hippokampos,32.01
Lagos Linda,1/10/2014 13:44,Guy's Gyros,38.15
Osvaldo Hennie,1/10/2014 13:44,Ouzeri Elian,20.46
Mies Haber Ruscella,1/10/2014 13:45,Kalami Kafenion,27.48
Pantanal Rachel,1/10/2014 13:46,Abila Zacharo,31.34
Balas Felix,1/10/2014 13:47,Guy's Gyros,31.5
Frente Vira,1/10/2014 13:47,Katerina’s Café,25.62
Nubarron Adra,1/10/2014 13:47,Katerina’s Café,24.33
Calzas Axel,1/10/2014 13:50,Ouzeri Elian,15.25
Cazar Gustav,1/10/2014 13:52,Guy's Gyros,31.05
Mies Minke,1/10/2014 13:53,Kalami Kafenion,24.3
Arpa Emile,1/10/2014 13:57,Guy's Gyros,16.34
Lais Cornelia,1/10/2014 13:57,Ouzeri Elian,24.74
Resumir Felix,1/10/2014 13:58,Hippokampos,39.89
Dedos Lidelse,1/10/2014 13:59,Abila Zacharo,8.22
Orilla Kare,1/10/2014 14:01,Abila Zacharo,16.12
Ferro Inga,1/10/2014 14:03,Abila Zacharo,36.38
Awelon Varro,1/10/2014 14:07,Hippokampos,11.61
Frente Birgitta,1/10/2014 14:07,Ouzeri Elian,30.93
Cocinaro Hideki,1/10/2014 14:08,Katerina’s Café,77.62
Ribera Anda,1/10/2014 14:09,Abila Zacharo,9.32
Coginian Dante,1/10/2014 14:11,Gelatogalore,32.19
Bramar Mat,1/10/2014 14:20,Hippokampos,10.16
Vann Edvard,1/10/2014 14:41,Octavio's Office Supplies,139.72
Bergen Linnea,1/10/2014 16:07,Octavio's Office Supplies,64.51
Baza Isak,1/10/2014 18:52,Ouzeri Elian,19.92
Calixto Nils,1/10/2014 18:57,Frydos Autosupply n' More,98.39
Fusil Stenig,1/10/2014 19:45,Guy's Gyros,23.61
Azada Lars,1/10/2014 19:46,Hippokampos,48.22
Arpa Emile,1/10/2014 19:50,Katerina’s Café,19.57
Vann Edvard,1/10/2014 19:54,Guy's Gyros,27.78
Awelon Varro,1/10/2014 19:56,Hippokampos,19.88
Ovan Bertrand,1/10/2014 19:56,Katerina’s Café,21.89
Coginian Dante,1/10/2014 20:02,Frydos Autosupply n' More,43.65
Osvaldo Hennie,1/10/2014 20:08,Katerina’s Café,15.76
Barranco Ingrid,1/10/2014 20:09,Hippokampos,70.48
Lagos Linda,1/10/2014 20:09,Katerina’s Café,8.14
Resumir Felix,1/10/2014 20:09,Guy's Gyros,29.81
Frente Vira,1/10/2014 20:11,Albert's Fine Clothing,126.13
Flecha Sven,1/10/2014 20:15,Frydos Autosupply n' More,237.08
Ferro Inga,1/10/2014 20:17,Shoppers' Delight,279.53
Cocinaro Hideki,1/10/2014 20:20,Guy's Gyros,35.54
Bodrogi Loreto,1/10/2014 20:23,Guy's Gyros,37.37
Mies Haber Ruscella,1/10/2014 20:42,Katerina’s Café,21.28
Campo-Corrente Ada,1/10/2014 20:50,Hippokampos,17.21
Vann Isia,1/10/2014 21:11,Roberts and Sons,241.2
Lais Cornelia,1/10/2014 21:13,Guy's Gyros,25.81
Strum Orhan,1/10/2014 21:17,Hippokampos,27.0
Mies Minke,1/10/2014 21:28,General Grocer,227.28
Vasco-Pais Willem,1/10/2014 22:21,Hippokampos,79.97
Strum Orhan,1/11/2014 13:19,Katerina’s Café,45.22
Forluniau Carla,1/11/2014 13:23,Katerina’s Café,45.21
Frente Vira,1/11/2014 13:32,Katerina’s Café,29.1
Onda Marin,1/11/2014 13:32,Abila Zacharo,54.82
Borrasca Isande,1/11/2014 13:33,Abila Zacharo,89.54
Frente Birgitta,1/11/2014 13:35,Gelatogalore,17.31
Mies Minke,1/11/2014 13:36,Hippokampos,103.38
Alcazar Lucas,1/11/2014 13:37,Hippokampos,75.62
Ribera Anda,1/11/2014 13:37,Hippokampos,82.23
Arpa Emile,1/11/2014 13:40,Ouzeri Elian,19.11
Lagos Varja,1/11/2014 13:43,Katerina’s Café,71.65
Barranco Ingrid,1/11/2014 13:47,Hippokampos,31.1
Cazar Gustav,1/11/2014 13:50,Katerina’s Café,23.45
Bergen Linnea,1/11/2014 13:51,Abila Zacharo,32.02
Bodrogi Loreto,1/11/2014 13:59,Gelatogalore,18.74
Awelon Varro,1/11/2014 14:09,Kalami Kafenion,35.66
Cocinaro Hideki,1/11/2014 14:16,Kalami Kafenion,39.36
Nubarron Adra,1/11/2014 14:17,Katerina’s Café,26.02
Resumir Felix,1/11/2014 14:19,Abila Zacharo,45.2
Frente Birgitta,1/11/2014 15:15,Shoppers' Delight,157.45
Forluniau Carla,1/11/2014 15:20,Shoppers' Delight,238.52
Arpa Emile,1/11/2014 15:31,General Grocer,78.02
Onda Marin,1/11/2014 16:00,Roberts and Sons,256.24
Mies Minke,1/11/2014 16:01,Albert's Fine Clothing,211.47
Barranco Ingrid,1/11/2014 16:09,Frydos Autosupply n' More,52.73
Vann Edvard,1/11/2014 16:24,Ahaggo Museum,89.32
Tempestad Brand,1/11/2014 17:16,Ahaggo Museum,52.14
Frente Birgitta,1/11/2014 19:08,Katerina’s Café,55.67
Ferro Inga,1/11/2014 19:17,Kalami Kafenion,23.86
Baza Isak,1/11/2014 19:21,Ouzeri Elian,69.36
Barranco Ingrid,1/11/2014 19:26,Hippokampos,66.21
Strum Orhan,1/11/2014 19:27,Albert's Fine Clothing,105.33
Tempestad Brand,1/11/2014 19:27,Hippokampos,32.63
Vann Edvard,1/11/2014 19:29,Hippokampos,63.21
Nubarron Adra,1/11/2014 19:31,Katerina’s Café,33.18
Ribera Anda,1/11/2014 19:32,Katerina’s Café,20.71
Calzas Axel,1/11/2014 19:33,Hippokampos,11.13
Fusil Stenig,1/11/2014 19:34,Guy's Gyros,55.36
Borrasca Isande,1/11/2014 19:40,Katerina’s Café,57.36
Alcazar Lucas,1/11/2014 19:44,Shoppers' Delight,149.2
Campo-Corrente Ada,1/11/2014 19:45,Hippokampos,63.21
Calixto Nils,1/11/2014 19:50,Katerina’s Café,12.55
Onda Marin,1/11/2014 19:51,Katerina’s Café,45.68
Lagos Linda,1/11/2014 19:52,Katerina’s Café,15.72
Balas Felix,1/11/2014 19:53,Hippokampos,67.37
Lais Cornelia,1/11/2014 19:57,Guy's Gyros,36.2
Bramar Mat,1/11/2014 20:00,Katerina’s Café,25.76
Herrero Kanon,1/11/2014 20:04,Kalami Kafenion,50.2
Pantanal Rachel,1/11/2014 20:04,Ouzeri Elian,16.69
Coginian Dante,1/11/2014 20:06,Katerina’s Café,52.45
Flecha Sven,1/11/2014 20:06,Guy's Gyros,33.65
Vann Isia,1/11/2014 20:09,Guy's Gyros,16.33
Mies Haber Ruscella,1/11/2014 20:13,Frydos Autosupply n' More,211.15
Osvaldo Hennie,1/11/2014 20:13,Katerina’s Café,9.78
Ovan Bertrand,1/11/2014 20:15,Frydos Autosupply n' More,114.98
Arpa Emile,1/11/2014 20:22,Frydos Autosupply n' More,236.25
Azada Lars,1/11/2014 20:23,Hippokampos,70.23
Forluniau Carla,1/11/2014 20:24,Katerina’s Café,94.68
Resumir Felix,1/11/2014 20:26,Frydos Autosupply n' More,261.0
Awelon Varro,1/11/2014 20:27,Hippokampos,69.8
Cocinaro Hideki,1/11/2014 20:30,Kalami Kafenion,46.78
Dedos Lidelse,1/11/2014 20:46,Katerina’s Café,57.6
Strum Orhan,1/12/2014 3:39,Kronos Mart,277.26
Campo-Corrente Ada,1/12/2014 13:03,Ouzeri Elian,38.55
Mies Haber Ruscella,1/12/2014 13:17,Ouzeri Elian,98.45
Nubarron Adra,1/12/2014 13:25,Hippokampos,12.55
Ferro Inga,1/12/2014 13:28,Ouzeri Elian,24.72
Onda Marin,1/12/2014 13:30,Ouzeri Elian,72.32
Resumir Felix,1/12/2014 13:31,Guy's Gyros,34.74
Strum Orhan,1/12/2014 13:32,Ouzeri Elian,117.22
Awelon Varro,1/12/2014 13:35,Hippokampos,29.2
Herrero Kanon,1/12/2014 13:40,Gelatogalore,20.09
Tempestad Brand,1/12/2014 13:45,Abila Zacharo,11.2
Vasco-Pais Willem,1/12/2014 13:45,Desafio Golf Course,129.33
Borrasca Isande,1/12/2014 13:52,Kalami Kafenion,54.36
Calixto Nils,1/12/2014 13:54,Hippokampos,8.54
Orilla Kare,1/12/2014 13:55,Kalami Kafenion,14.59
Dedos Lidelse,1/12/2014 14:04,Hippokampos,12.57
Alcazar Lucas,1/12/2014 14:06,Hippokampos,71.99
Barranco Ingrid,1/12/2014 14:13,Desafio Golf Course,220.77
Campo-Corrente Ada,1/12/2014 14:14,Desafio Golf Course,198.46
Arpa Emile,1/12/2014 14:16,Guy's Gyros,30.47
Onda Marin,1/12/2014 15:10,Shoppers' Delight,135.78
Herrero Kanon,1/12/2014 15:24,Shoppers' Delight,86.22
Ferro Inga,1/12/2014 15:32,Shoppers' Delight,204.37
Awelon Varro,1/12/2014 15:46,General Grocer,159.3
Nubarron Adra,1/12/2014 15:49,Albert's Fine Clothing,195.81
Ovan Bertrand,1/12/2014 16:08,Shoppers' Delight,51.5
Resumir Felix,1/12/2014 16:27,Ahaggo Museum,120.2
Calixto Nils,1/12/2014 19:18,Katerina’s Café,12.64
Bergen Linnea,1/12/2014 19:21,Katerina’s Café,11.81
Cazar Gustav,1/12/2014 19:22,Hippokampos,27.15
Cocinaro Hideki,1/12/2014 19:26,Guy's Gyros,42.32
Flecha Sven,1/12/2014 19:26,Shoppers' Delight,211.03
Azada Lars,1/12/2014 19:29,Hippokampos,66.63
Bodrogi Loreto,1/12/2014 19:32,Guy's Gyros,34.41
Frente Vira,1/12/2014 19:35,Hippokampos,49.23
Vann Isia,1/12/2014 19:36,Guy's Gyros,12.32
Mies Haber Ruscella,1/12/2014 19:43,Katerina’s Café,40.94
Campo-Corrente Ada,1/12/2014 19:44,Hippokampos,26.79
Orilla Kare,1/12/2014 19:47,Katerina’s Café,17.36
Herrero Kanon,1/12/2014 19:50,Gelatogalore,36.2
Strum Orhan,1/12/2014 19:51,Hippokampos,52.21
Lais Cornelia,1/12/2014 19:52,Frydos Autosupply n' More,88.93
Calzas Axel,1/12/2014 19:58,Albert's Fine Clothing,63.36
Baza Isak,1/12/2014 19:59,Ouzeri Elian,55.55
Arpa Emile,1/12/2014 20:04,Katerina’s Café,39.3
Balas Felix,1/12/2014 20:05,Hippokampos,78.21
Ovan Bertrand,1/12/2014 20:11,Katerina’s Café,67.14
Osvaldo Hennie,1/12/2014 20:12,Katerina’s Café,15.37
Nubarron Adra,1/12/2014 20:13,Katerina’s Café,39.55
Borrasca Isande,1/12/2014 20:15,Hippokampos,69.41
Lagos Linda,1/12/2014 20:17,Katerina’s Café,16.34
Bramar Mat,1/12/2014 20:35,Katerina’s Café,40.25
Barranco Ingrid,1/12/2014 20:38,Hippokampos,63.32
Coginian Dante,1/12/2014 20:43,Frydos Autosupply n' More,161.96
Dedos Lidelse,1/12/2014 20:48,Katerina’s Café,87.09
Mies Haber Ruscella,1/13/2014 3:00,Kronos Mart,147.3
Alcazar Lucas,1/13/2014 6:04,Daily Dealz,2.01
Calixto Nils,1/13/2014 7:32,Hallowed Grounds,9.16
Lais Cornelia,1/13/2014 7:36,Brew've Been Served,16.39
Flecha Sven,1/13/2014 7:38,Brew've Been Served,8.04
Ovan Bertrand,1/13/2014 7:40,Coffee Cameleon,19.93
Tempestad Brand,1/13/2014 7:40,Brew've Been Served,8.0
Onda Marin,1/13/2014 7:42,Hallowed Grounds,3.02
Fusil Stenig,1/13/2014 7:43,Brew've Been Served,24.18
Orilla Kare,1/13/2014 7:43,Hallowed Grounds,13.68
Vann Edvard,1/13/2014 7:43,Brew've Been Served,18.71
Osvaldo Hennie,1/13/2014 7:44,Hallowed Grounds,5.85
Vann Isia,1/13/2014 7:53,Brew've Been Served,19.64
Cocinaro Hideki,1/13/2014 7:54,Hallowed Grounds,19.18
Forluniau Carla,1/13/2014 7:55,Coffee Cameleon,17.49
Mies Haber Ruscella,1/13/2014 7:55,Brew've Been Served,6.08
Bramar Mat,1/13/2014 7:56,Brew've Been Served,9.53
Lagos Varja,1/13/2014 7:57,Brew've Been Served,78.23
Ribera Anda,1/13/2014 7:57,Hallowed Grounds,6.32
Lagos Linda,1/13/2014 8:00,Brew've Been Served,13.37
Fusil Stenig,1/13/2014 8:01,Kronos Mart,159.06
Bergen Linnea,1/13/2014 8:02,Coffee Cameleon,4.88
Mies Minke,1/13/2014 8:04,Brew've Been Served,16.05
Pantanal Rachel,1/13/2014 8:06,Hallowed Grounds,55.96
Herrero Kanon,1/13/2014 8:07,Brew've Been Served,11.49
Nubarron Adra,1/13/2014 8:12,Coffee Cameleon,17.76
Hafon Albina,1/13/2014 8:15,Abila Airport,3617.47
Resumir Felix,1/13/2014 8:21,Brew've Been Served,13.19
Ferro Inga,1/13/2014 8:22,Brew've Been Served,6.69
Coginian Dante,1/13/2014 8:23,Brew've Been Served,19.89
Hafon Albina,1/13/2014 8:58,Kronos Pipe and Irrigation,2892.74
Morluniau Cecilia,1/13/2014 10:12,Nationwide Refinery,204.58
Hafon Albina,1/13/2014 10:20,Maximum Iron and Steel,689.85
Awelon Varro,1/13/2014 12:00,Coffee Shack,4.09
Azada Lars,1/13/2014 12:00,Bean There Done That,7.93
Balas Felix,1/13/2014 12:00,Bean There Done That,98.02
Barranco Ingrid,1/13/2014 12:00,Brewed Awakenings,12.69
Baza Isak,1/13/2014 12:00,Jack's Magical Beans,18.31
Borrasca Isande,1/13/2014 12:00,Brewed Awakenings,56.4
Calzas Axel,1/13/2014 12:00,Bean There Done That,19.56
Campo-Corrente Ada,1/13/2014 12:00,Brewed Awakenings,16.25
Cazar Gustav,1/13/2014 12:00,Bean There Done That,5.54
Dedos Lidelse,1/13/2014 12:00,Bean There Done That,10.37
Frente Birgitta,1/13/2014 12:00,Bean There Done That,15.24
Frente Vira,1/13/2014 12:00,Bean There Done That,18.59
Hafon Albina,1/13/2014 12:00,Carlyle Chemical Inc.,1718.96
Orilla Elsa,1/13/2014 12:00,Jack's Magical Beans,5.22
Strum Orhan,1/13/2014 12:00,Jack's Magical Beans,9.64
Vasco-Pais Willem,1/13/2014 12:00,Jack's Magical Beans,17.52
Mies Henk,1/13/2014 12:11,Abila Airport,4417.03
Mies Minke,1/13/2014 12:27,Hippokampos,17.17
Hafon Albina,1/13/2014 12:55,Ouzeri Elian,19.82
Strum Orhan,1/13/2014 13:03,Gelatogalore,32.83
Alcazar Lucas,1/13/2014 13:18,U-Pump,55.25
Campo-Corrente Ada,1/13/2014 13:19,Gelatogalore,46.45
Fusil Stenig,1/13/2014 13:20,Abila Zacharo,79.95
Herrero Kanon,1/13/2014 13:21,Abila Zacharo,64.5
Forluniau Carla,1/13/2014 13:23,Katerina’s Café,38.98
Bergen Linnea,1/13/2014 13:24,Hippokampos,35.73
Tempestad Brand,1/13/2014 13:27,Abila Zacharo,8.72
Alcazar Lucas,1/13/2014 13:28,Hippokampos,30.51
Borrasca Isande,1/13/2014 13:33,Guy's Gyros,27.49
Baza Isak,1/13/2014 13:34,Katerina’s Café,26.15
Cazar Gustav,1/13/2014 13:34,Abila Zacharo,27.3
Vann Isia,1/13/2014 13:34,Hippokampos,59.9
Osvaldo Hennie,1/13/2014 13:36,Katerina’s Café,17.21
Vann Edvard,1/13/2014 13:37,Ouzeri Elian,95.03
Nubarron Adra,1/13/2014 13:39,Guy's Gyros,37.37
Dedos Lidelse,1/13/2014 13:40,Katerina’s Café,8.29
Vasco-Pais Willem,1/13/2014 13:40,Guy's Gyros,29.25
Azada Lars,1/13/2014 13:41,Gelatogalore,36.93
Balas Felix,1/13/2014 13:42,Abila Zacharo,11.99
Bodrogi Loreto,1/13/2014 13:48,Abila Zacharo,116.32
Onda Marin,1/13/2014 13:48,Ouzeri Elian,8.32
Orilla Kare,1/13/2014 13:48,Katerina’s Café,24.26
Flecha Sven,1/13/2014 13:50,Hippokampos,91.97
Ferro Inga,1/13/2014 13:51,Abila Zacharo,17.41
Lagos Linda,1/13/2014 13:51,Guy's Gyros,21.03
Ovan Bertrand,1/13/2014 13:52,Katerina’s Café,29.55
Lais Cornelia,1/13/2014 13:55,Kalami Kafenion,20.33
Awelon Varro,1/13/2014 14:00,Guy's Gyros,38.07
Coginian Dante,1/13/2014 14:00,Gelatogalore,36.24
Pantanal Rachel,1/13/2014 14:01,Gelatogalore,117.17
Frente Birgitta,1/13/2014 14:04,Hippokampos,25.09
Calzas Axel,1/13/2014 14:06,Ouzeri Elian,29.75
Resumir Felix,1/13/2014 14:13,Guy's Gyros,12.76
Bramar Mat,1/13/2014 14:21,Hippokampos,26.96
Arpa Emile,1/13/2014 14:33,Guy's Gyros,116.87
Mies Henk,1/13/2014 16:56,Abila Airport,2228.08
Alcazar Lucas,1/13/2014 19:20,Frydos Autosupply n' More,10000.0
Bodrogi Loreto,1/13/2014 19:27,Shoppers' Delight,216.43
Alcazar Lucas,1/13/2014 19:30,Ouzeri Elian,28.75
Arpa Emile,1/13/2014 19:41,Frydos Autosupply n' More,188.57
Ovan Bertrand,1/13/2014 19:50,Katerina’s Café,89.83
Lagos Linda,1/13/2014 19:59,Frydos Autosupply n' More,64.6
Ribera Anda,1/13/2014 19:59,Katerina’s Café,30.84
Vann Isia,1/13/2014 20:09,Guy's Gyros,22.34
Vann Edvard,1/13/2014 20:11,Guy's Gyros,20.47
Flecha Sven,1/13/2014 20:15,Guy's Gyros,36.89
Ferro Inga,1/13/2014 20:18,Guy's Gyros,15.84
Nubarron Adra,1/13/2014 20:24,Katerina’s Café,35.7
Onda Marin,1/13/2014 20:33,Katerina’s Café,91.36
Barranco Ingrid,1/13/2014 20:35,Albert's Fine Clothing,288.0
Vasco-Pais Willem,1/13/2014 20:35,Hippokampos,29.22
Azada Lars,1/13/2014 20:42,Hippokampos,31.59
Cazar Gustav,1/13/2014 20:42,Albert's Fine Clothing,49.48
Herrero Kanon,1/13/2014 20:42,Guy's Gyros,88.57
Pantanal Rachel,1/13/2014 20:43,Ouzeri Elian,21.83
Mies Haber Ruscella,1/13/2014 20:44,Katerina’s Café,93.57
Tempestad Brand,1/13/2014 20:44,Guy's Gyros,15.55
Resumir Felix,1/13/2014 20:45,Shoppers' Delight,144.4
Bergen Linnea,1/13/2014 20:47,Katerina’s Café,22.24
Calixto Nils,1/13/2014 20:51,Katerina’s Café,55.82
Cocinaro Hideki,1/13/2014 20:59,Guy's Gyros,37.5
Dedos Lidelse,1/13/2014 21:00,Katerina’s Café,27.59
Lais Cornelia,1/13/2014 21:08,Guy's Gyros,19.77
Forluniau Carla,1/13/2014 21:11,Frydos Autosupply n' More,202.05
Campo-Corrente Ada,1/13/2014 21:12,Hippokampos,31.47
Awelon Varro,1/13/2014 21:13,Hippokampos,32.29
Osvaldo Hennie,1/13/2014 21:16,Katerina’s Café,33.11
Strum Orhan,1/13/2014 21:27,Hippokampos,99.63
Lais Cornelia,1/14/2014 7:27,Brew've Been Served,14.67
Vann Edvard,1/14/2014 7:31,Brew've Been Served,4.72
Calixto Nils,1/14/2014 7:35,Hallowed Grounds,10.75
Vann Isia,1/14/2014 7:35,Brew've Been Served,7.31
Ovan Bertrand,1/14/2014 7:37,Coffee Cameleon,9.8
Tempestad Brand,1/14/2014 7:40,Brew've Been Served,5.87
Onda Marin,1/14/2014 7:42,Hallowed Grounds,4.59
Arpa Emile,1/14/2014 7:44,Hallowed Grounds,16.67
Bramar Mat,1/14/2014 7:45,Brew've Been Served,14.04
Cocinaro Hideki,1/14/2014 7:45,Hallowed Grounds,13.0
Lagos Varja,1/14/2014 7:45,Brew've Been Served,10.96
Osvaldo Hennie,1/14/2014 7:45,Brew've Been Served,16.53
Bodrogi Loreto,1/14/2014 7:48,Brew've Been Served,6.45
Forluniau Carla,1/14/2014 7:52,Coffee Cameleon,11.67
Bergen Linnea,1/14/2014 7:53,Coffee Cameleon,15.63
Coginian Dante,1/14/2014 7:53,Brew've Been Served,9.53
Flecha Sven,1/14/2014 7:53,Brew've Been Served,8.24
Fusil Stenig,1/14/2014 7:53,Brew've Been Served,3.66
Dedos Lidelse,1/14/2014 7:54,Hallowed Grounds,19.99
Frente Birgitta,1/14/2014 7:54,Hallowed Grounds,50.21
Nubarron Adra,1/14/2014 7:56,Coffee Cameleon,7.84
Ferro Inga,1/14/2014 7:58,Brew've Been Served,11.94
Herrero Kanon,1/14/2014 8:03,Brew've Been Served,3.21
Mies Haber Ruscella,1/14/2014 8:07,Brew've Been Served,16.39
Orilla Kare,1/14/2014 8:12,Hallowed Grounds,39.52
Pantanal Rachel,1/14/2014 8:12,Hallowed Grounds,10.65
Lagos Linda,1/14/2014 8:13,Brew've Been Served,11.53
Resumir Felix,1/14/2014 8:13,Brew've Been Served,12.31
Ribera Anda,1/14/2014 8:16,Hallowed Grounds,6.16
Baza Isak,1/14/2014 8:20,Kronos Mart,58.85
Morlun Valeria,1/14/2014 9:34,Carlyle Chemical Inc.,3630.57
Morluniau Cecilia,1/14/2014 10:03,Nationwide Refinery,965.72
Hawelon Benito,1/14/2014 11:01,Stewart and Sons Fabrication,600.19
Morlun Valeria,1/14/2014 11:45,Nationwide Refinery,570.95
Morluniau Cecilia,1/14/2014 11:55,Stewart and Sons Fabrication,278.52
Awelon Varro,1/14/2014 12:00,Coffee Shack,3.63
Azada Lars,1/14/2014 12:00,Bean There Done That,7.28
Balas Felix,1/14/2014 12:00,Bean There Done That,19.37
Barranco Ingrid,1/14/2014 12:00,Brewed Awakenings,17.14
Borrasca Isande,1/14/2014 12:00,Brewed Awakenings,8.3
Calzas Axel,1/14/2014 12:00,Bean There Done That,14.56
Campo-Corrente Ada,1/14/2014 12:00,Brewed Awakenings,11.35
Cazar Gustav,1/14/2014 12:00,Bean There Done That,67.82
Frente Vira,1/14/2014 12:00,Bean There Done That,5.9
Orilla Elsa,1/14/2014 12:00,Jack's Magical Beans,63.36
Strum Orhan,1/14/2014 12:00,Jack's Magical Beans,95.7
Mies Henk,1/14/2014 12:30,Abila Airport,228.41
Hawelon Benito,1/14/2014 13:00,Nationwide Refinery,1341.01
Scozzese Dylan,1/14/2014 13:06,Abila Airport,3379.21
Strum Orhan,1/14/2014 13:14,Katerina’s Café,29.12
Bergen Linnea,1/14/2014 13:17,Hippokampos,36.01
Borrasca Isande,1/14/2014 13:17,Chostus Hotel,109.54
Morlun Valeria,1/14/2014 13:21,Katerina’s Café,34.45
Tempestad Brand,1/14/2014 13:21,Chostus Hotel,113.08
Frente Vira,1/14/2014 13:22,Katerina’s Café,10.03
Balas Felix,1/14/2014 13:24,Kalami Kafenion,17.38
Campo-Corrente Ada,1/14/2014 13:24,Kalami Kafenion,15.15
Barranco Ingrid,1/14/2014 13:25,Hippokampos,23.69
Flecha Sven,1/14/2014 13:32,Gelatogalore,27.26
Nubarron Adra,1/14/2014 13:32,Gelatogalore,32.82
Vann Isia,1/14/2014 13:32,Katerina’s Café,20.95
Vasco-Pais Willem,1/14/2014 13:33,Gelatogalore,39.17
Vann Edvard,1/14/2014 13:34,Katerina’s Café,29.1
Lagos Linda,1/14/2014 13:35,Abila Zacharo,31.09
Osvaldo Hennie,1/14/2014 13:35,Abila Zacharo,15.26
Azada Lars,1/14/2014 13:36,Guy's Gyros,13.27
Bodrogi Loreto,1/14/2014 13:37,Hippokampos,19.07
Onda Marin,1/14/2014 13:37,Abila Zacharo,10.24
Fusil Stenig,1/14/2014 13:38,Abila Zacharo,8.41
Lagos Varja,1/14/2014 13:40,Ouzeri Elian,107.32
Mies Haber Ruscella,1/14/2014 13:40,Kalami Kafenion,33.13
Baza Isak,1/14/2014 13:41,Ouzeri Elian,79.58
Ovan Bertrand,1/14/2014 13:41,Katerina’s Café,75.46
Calixto Nils,1/14/2014 13:42,Hippokampos,98.81
Orilla Kare,1/14/2014 13:42,Kalami Kafenion,23.1
Ribera Anda,1/14/2014 13:43,Katerina’s Café,31.69
Dedos Lidelse,1/14/2014 13:44,Guy's Gyros,16.35
Calzas Axel,1/14/2014 13:49,Gelatogalore,70.98
Frente Birgitta,1/14/2014 13:49,Guy's Gyros,38.26
Bramar Mat,1/14/2014 13:50,Kalami Kafenion,27.65
Cazar Gustav,1/14/2014 13:51,Kalami Kafenion,15.27
Cocinaro Hideki,1/14/2014 13:51,Ouzeri Elian,62.3
Pantanal Rachel,1/14/2014 13:53,Ouzeri Elian,33.67
Lais Cornelia,1/14/2014 13:57,Gelatogalore,35.97
Resumir Felix,1/14/2014 13:57,Hippokampos,17.18
Ferro Inga,1/14/2014 13:58,Katerina’s Café,33.54
Herrero Kanon,1/14/2014 13:59,Guy's Gyros,50.4
Awelon Varro,1/14/2014 14:01,Ouzeri Elian,19.7
Arpa Emile,1/14/2014 14:03,Gelatogalore,102.03
Mies Minke,1/14/2014 14:03,Abila Zacharo,24.87
Scozzese Dylan,1/14/2014 14:13,Abila Scrapyard,4277.4
Coginian Dante,1/14/2014 14:16,Hippokampos,16.73
Morlun Valeria,1/14/2014 14:21,Carlyle Chemical Inc.,854.88
Mies Henk,1/14/2014 15:32,Abila Airport,4918.39
Fusil Stenig,1/14/2014 15:49,Octavio's Office Supplies,131.73
Morlun Valeria,1/14/2014 16:16,Carlyle Chemical Inc.,3470.99
Scozzese Dylan,1/14/2014 16:28,Nationwide Refinery,4429.76
Azada Lars,1/14/2014 19:44,Hippokampos,39.64
Cocinaro Hideki,1/14/2014 19:59,Guy's Gyros,94.26
Vann Edvard,1/14/2014 20:01,Guy's Gyros,23.59
Lagos Varja,1/14/2014 20:05,Albert's Fine Clothing,50.77
Calixto Nils,1/14/2014 20:09,Katerina’s Café,91.8
Arpa Emile,1/14/2014 20:15,Katerina’s Café,27.67
Fusil Stenig,1/14/2014 20:15,Guy's Gyros,18.11
Lais Cornelia,1/14/2014 20:17,Guy's Gyros,35.12
Ovan Bertrand,1/14/2014 20:17,Katerina’s Café,36.95
Flecha Sven,1/14/2014 20:19,Guy's Gyros,12.96
Mies Haber Ruscella,1/14/2014 20:19,Katerina’s Café,31.94
Vasco-Pais Willem,1/14/2014 20:22,Hippokampos,9.55
Bodrogi Loreto,1/14/2014 20:25,Guy's Gyros,10.85
Dedos Lidelse,1/14/2014 20:26,Katerina’s Café,12.65
Ferro Inga,1/14/2014 20:29,Guy's Gyros,25.28
Baza Isak,1/14/2014 20:32,Ouzeri Elian,11.86
Mies Minke,1/14/2014 20:33,Frydos Autosupply n' More,42.72
Orilla Kare,1/14/2014 20:34,Katerina’s Café,11.89
Orilla Elsa,1/14/2014 20:41,Ouzeri Elian,24.06
Coginian Dante,1/14/2014 20:42,Katerina’s Café,46.61
Resumir Felix,1/14/2014 20:43,Frydos Autosupply n' More,146.74
Pantanal Rachel,1/14/2014 20:46,Ouzeri Elian,80.95
Campo-Corrente Ada,1/14/2014 20:48,Hippokampos,43.56
Balas Felix,1/14/2014 20:50,Albert's Fine Clothing,228.72
Lagos Linda,1/14/2014 20:50,Katerina’s Café,25.4
Frente Vira,1/14/2014 21:04,Hippokampos,28.45
Frente Birgitta,1/14/2014 21:10,Katerina’s Café,18.35
Osvaldo Hennie,1/14/2014 21:14,Roberts and Sons,223.81
Bramar Mat,1/14/2014 21:28,Frydos Autosupply n' More,49.21
Borrasca Isande,1/14/2014 21:31,Hippokampos,22.13
Vann Isia,1/14/2014 21:31,Guy's Gyros,26.14
Calixto Nils,1/15/2014 7:33,Hallowed Grounds,11.98
Flecha Sven,1/15/2014 7:34,Brew've Been Served,3.71
Frente Birgitta,1/15/2014 7:36,Hallowed Grounds,5.28
Fusil Stenig,1/15/2014 7:36,Brew've Been Served,15.5
Arpa Emile,1/15/2014 7:39,Hallowed Grounds,5.95
Tempestad Brand,1/15/2014 7:40,Brew've Been Served,19.87
Cocinaro Hideki,1/15/2014 7:44,Hallowed Grounds,12.17
Nubarron Adra,1/15/2014 7:45,Coffee Cameleon,19.93
Osvaldo Hennie,1/15/2014 7:45,Brew've Been Served,11.47
Ferro Inga,1/15/2014 7:48,Brew've Been Served,6.58
Herrero Kanon,1/15/2014 7:49,Brew've Been Served,11.23
Vann Isia,1/15/2014 7:50,Brew've Been Served,19.24
Ovan Bertrand,1/15/2014 7:51,Coffee Cameleon,14.47
Ribera Anda,1/15/2014 7:51,Hallowed Grounds,78.69
Bergen Linnea,1/15/2014 7:56,Coffee Cameleon,5.49
Vann Edvard,1/15/2014 7:57,Brew've Been Served,4.92
Bramar Mat,1/15/2014 7:58,Brew've Been Served,3.14
Lagos Linda,1/15/2014 7:58,Brew've Been Served,5.75
Lagos Varja,1/15/2014 7:58,Brew've Been Served,14.06
Orilla Kare,1/15/2014 7:59,Hallowed Grounds,14.33
Lais Cornelia,1/15/2014 8:00,Brew've Been Served,8.42
Onda Marin,1/15/2014 8:00,Hallowed Grounds,15.27
Mies Minke,1/15/2014 8:01,Brew've Been Served,49.7
Bodrogi Loreto,1/15/2014 8:02,Brew've Been Served,15.58
Forluniau Carla,1/15/2014 8:05,Coffee Cameleon,56.31
Mies Haber Ruscella,1/15/2014 8:05,Brew've Been Served,12.39
Coginian Dante,1/15/2014 8:06,Brew've Been Served,3.47
Pantanal Rachel,1/15/2014 8:13,Hallowed Grounds,14.39
Resumir Felix,1/15/2014 8:14,Brew've Been Served,18.58
Morlun Valeria,1/15/2014 9:34,Carlyle Chemical Inc.,3608.08
Morlun Adan,1/15/2014 10:00,Nationwide Refinery,1903.77
Morluniau Cecilia,1/15/2014 10:14,Nationwide Refinery,1391.24
Morlun Adan,1/15/2014 11:18,Stewart and Sons Fabrication,4545.38
Morluniau Cecilia,1/15/2014 11:44,Stewart and Sons Fabrication,4740.68
Morlun Valeria,1/15/2014 11:55,Nationwide Refinery,3004.98
Balas Felix,1/15/2014 12:00,Bean There Done That,5.34
Baza Isak,1/15/2014 12:00,Jack's Magical Beans,11.15
Borrasca Isande,1/15/2014 12:00,Brewed Awakenings,91.62
Calzas Axel,1/15/2014 12:00,Bean There Done That,93.13
Campo-Corrente Ada,1/15/2014 12:00,Brewed Awakenings,3.62
Cazar Gustav,1/15/2014 12:00,Bean There Done That,18.96
Frente Vira,1/15/2014 12:00,Bean There Done That,15.24
Orilla Elsa,1/15/2014 12:00,Jack's Magical Beans,5.3
Strum Orhan,1/15/2014 12:00,Jack's Magical Beans,84.06
Vasco-Pais Willem,1/15/2014 12:00,Jack's Magical Beans,19.54
Mies Henk,1/15/2014 12:25,Abila Airport,3152.41
Strum Orhan,1/15/2014 13:08,Kalami Kafenion,22.39
Bergen Linnea,1/15/2014 13:10,Ouzeri Elian,8.93
Campo-Corrente Ada,1/15/2014 13:12,Hippokampos,36.7
Tempestad Brand,1/15/2014 13:12,Hippokampos,118.89
Morlun Valeria,1/15/2014 13:13,Katerina’s Café,24.15
Forluniau Carla,1/15/2014 13:17,Katerina’s Café,88.56
Azada Lars,1/15/2014 13:22,Guy's Gyros,14.37
Calixto Nils,1/15/2014 13:22,Abila Zacharo,31.0
Lagos Varja,1/15/2014 13:22,Ouzeri Elian,12.9
Baza Isak,1/15/2014 13:24,Hippokampos,13.0
Barranco Ingrid,1/15/2014 13:26,Abila Zacharo,23.51
Herrero Kanon,1/15/2014 13:27,Katerina’s Café,55.6
Cazar Gustav,1/15/2014 13:31,Ouzeri Elian,36.47
Dedos Lidelse,1/15/2014 13:35,Kalami Kafenion,26.17
Lagos Linda,1/15/2014 13:36,Kalami Kafenion,37.15
Mies Haber Ruscella,1/15/2014 13:37,Kalami Kafenion,38.5
Osvaldo Hennie,1/15/2014 13:39,Hippokampos,8.75
Vasco-Pais Willem,1/15/2014 13:39,Gelatogalore,9.61
Lais Cornelia,1/15/2014 13:40,Ouzeri Elian,25.7
Borrasca Isande,1/15/2014 13:41,Hippokampos,82.61
Vann Isia,1/15/2014 13:41,Guy's Gyros,49.34
Calzas Axel,1/15/2014 13:42,Hippokampos,32.4
Cocinaro Hideki,1/15/2014 13:42,Ouzeri Elian,22.86
Nubarron Adra,1/15/2014 13:44,Guy's Gyros,15.89
Balas Felix,1/15/2014 13:45,Abila Zacharo,88.83
Frente Vira,1/15/2014 13:45,Kalami Kafenion,47.86
Ribera Anda,1/15/2014 13:45,Guy's Gyros,12.19
Awelon Varro,1/15/2014 13:46,Gelatogalore,24.96
Coginian Dante,1/15/2014 13:46,Guy's Gyros,16.58
Flecha Sven,1/15/2014 13:47,Abila Zacharo,20.44
Arpa Emile,1/15/2014 13:51,Ouzeri Elian,26.61
Bodrogi Loreto,1/15/2014 13:55,Gelatogalore,31.21
Ferro Inga,1/15/2014 13:58,Gelatogalore,39.4
Ovan Bertrand,1/15/2014 13:58,Abila Zacharo,33.8
Pantanal Rachel,1/15/2014 13:59,Gelatogalore,42.36
Frente Birgitta,1/15/2014 14:00,Guy's Gyros,25.58
Onda Marin,1/15/2014 14:00,Katerina’s Café,12.12
Mies Minke,1/15/2014 14:02,Hippokampos,118.23
Orilla Kare,1/15/2014 14:02,Abila Zacharo,24.53
Bramar Mat,1/15/2014 14:04,Abila Zacharo,46.82
Nant Irene,1/15/2014 14:12,Kronos Pipe and Irrigation,2564.0
Resumir Felix,1/15/2014 14:13,Kalami Kafenion,28.82
Morlun Valeria,1/15/2014 14:25,Carlyle Chemical Inc.,1112.04
Nant Irene,1/15/2014 15:11,Maximum Iron and Steel,4788.22
Mies Henk,1/15/2014 15:40,Abila Airport,875.87
Morlun Valeria,1/15/2014 17:01,Carlyle Chemical Inc.,1392.73
Orilla Elsa,1/15/2014 19:18,Ouzeri Elian,28.86
Orilla Kare,1/15/2014 19:50,Katerina’s Café,39.23
Borrasca Isande,1/15/2014 19:52,Frydos Autosupply n' More,18.91
Lagos Varja,1/15/2014 19:53,Guy's Gyros,98.04
Azada Lars,1/15/2014 19:55,Hippokampos,13.02
Mies Minke,1/15/2014 19:55,Guy's Gyros,31.04
Ferro Inga,1/15/2014 19:56,General Grocer,126.2
Arpa Emile,1/15/2014 19:59,Katerina’s Café,25.08
Nubarron Adra,1/15/2014 20:00,Katerina’s Café,29.84
Vann Isia,1/15/2014 20:02,Guy's Gyros,28.75
Tempestad Brand,1/15/2014 20:04,Frydos Autosupply n' More,235.27
Frente Birgitta,1/15/2014 20:05,Katerina’s Café,11.45
Lais Cornelia,1/15/2014 20:06,Guy's Gyros,44.91
Fusil Stenig,1/15/2014 20:08,Guy's Gyros,36.35
Balas Felix,1/15/2014 20:10,Hippokampos,35.12
Campo-Corrente Ada,1/15/2014 20:10,Shoppers' Delight,162.0
Barranco Ingrid,1/15/2014 20:16,Hippokampos,11.8
Lagos Linda,1/15/2014 20:17,Katerina’s Café,29.33
Cazar Gustav,1/15/2014 20:23,Hippokampos,10.35
Onda Marin,1/15/2014 20:23,Katerina’s Café,39.63
Calzas Axel,1/15/2014 20:24,Hippokampos,16.37
Coginian Dante,1/15/2014 20:26,Katerina’s Café,61.61
Baza Isak,1/15/2014 20:29,Ouzeri Elian,23.18
Forluniau Carla,1/15/2014 20:29,Katerina’s Café,29.66
Dedos Lidelse,1/15/2014 20:33,Frydos Autosupply n' More,18.66
Awelon Varro,1/15/2014 20:46,Albert's Fine Clothing,228.15
Bramar Mat,1/15/2014 20:57,Frydos Autosupply n' More,276.88
Bodrogi Loreto,1/15/2014 20:59,Guy's Gyros,61.43
Bergen Linnea,1/15/2014 21:05,Katerina’s Café,13.77
Herrero Kanon,1/15/2014 21:05,Guy's Gyros,27.01
Pantanal Rachel,1/15/2014 21:05,Ouzeri Elian,8.57
Frente Vira,1/15/2014 21:08,Hippokampos,101.14
Ovan Bertrand,1/15/2014 21:21,Katerina’s Café,27.48
Strum Orhan,1/15/2014 21:42,Hippokampos,37.16
Cocinaro Hideki,1/16/2014 7:30,Kronos Mart,298.83
Lais Cornelia,1/16/2014 7:33,Brew've Been Served,25.05
Vann Isia,1/16/2014 7:34,Brew've Been Served,8.18
Lagos Varja,1/16/2014 7:36,Brew've Been Served,19.9
Ovan Bertrand,1/16/2014 7:38,Coffee Cameleon,67.19
Calixto Nils,1/16/2014 7:44,Hallowed Grounds,13.84
Cocinaro Hideki,1/16/2014 7:44,Hallowed Grounds,18.2
Orilla Kare,1/16/2014 7:44,Hallowed Grounds,17.74
Arpa Emile,1/16/2014 7:45,Hallowed Grounds,17.92
Flecha Sven,1/16/2014 7:50,Brew've Been Served,7.31
Frente Birgitta,1/16/2014 7:51,Hallowed Grounds,44.98
Onda Marin,1/16/2014 7:51,Hallowed Grounds,9.6
Herrero Kanon,1/16/2014 7:52,Brew've Been Served,12.67
Vann Edvard,1/16/2014 7:53,Brew've Been Served,4.7
Bramar Mat,1/16/2014 7:54,Brew've Been Served,83.84
Dedos Lidelse,1/16/2014 7:54,Hallowed Grounds,7.22
Fusil Stenig,1/16/2014 7:55,Brew've Been Served,12.83
Tempestad Brand,1/16/2014 7:56,Brew've Been Served,4.33
Bodrogi Loreto,1/16/2014 8:02,Brew've Been Served,5.82
Forluniau Carla,1/16/2014 8:03,Coffee Cameleon,63.14
Osvaldo Hennie,1/16/2014 8:03,Hallowed Grounds,72.61
Resumir Felix,1/16/2014 8:03,Brew've Been Served,16.67
Alcazar Lucas,1/16/2014 8:05,Hallowed Grounds,12.19
Ribera Anda,1/16/2014 8:07,Hallowed Grounds,18.23
Coginian Dante,1/16/2014 8:08,Brew've Been Served,90.33
Mies Minke,1/16/2014 8:09,Brew've Been Served,17.44
Pantanal Rachel,1/16/2014 8:09,Hallowed Grounds,4.6
Ferro Inga,1/16/2014 8:19,Brew've Been Served,16.9
Lagos Linda,1/16/2014 8:23,Brew've Been Served,11.21
Hawelon Benito,1/16/2014 9:18,Abila Airport,1676.53
Morlun Valeria,1/16/2014 9:52,Carlyle Chemical Inc.,419.93
Morluniau Cecilia,1/16/2014 10:16,Nationwide Refinery,1494.44
Hawelon Benito,1/16/2014 11:06,Stewart and Sons Fabrication,940.3
Morlun Valeria,1/16/2014 11:25,Nationwide Refinery,4742.67
Morluniau Cecilia,1/16/2014 11:45,Stewart and Sons Fabrication,4543.31
Awelon Varro,1/16/2014 12:00,Coffee Shack,10.48
Azada Lars,1/16/2014 12:00,Bean There Done That,19.82
Balas Felix,1/16/2014 12:00,Bean There Done That,12.33
Barranco Ingrid,1/16/2014 12:00,Brewed Awakenings,17.91
Baza Isak,1/16/2014 12:00,Jack's Magical Beans,9.12
Borrasca Isande,1/16/2014 12:00,Brewed Awakenings,6.53
Calzas Axel,1/16/2014 12:00,Bean There Done That,5.56
Campo-Corrente Ada,1/16/2014 12:00,Brewed Awakenings,6.39
Cazar Gustav,1/16/2014 12:00,Bean There Done That,98.34
Frente Vira,1/16/2014 12:00,Bean There Done That,17.4
Orilla Elsa,1/16/2014 12:00,Jack's Magical Beans,14.86
Strum Orhan,1/16/2014 12:00,Jack's Magical Beans,12.56
Vasco-Pais Willem,1/16/2014 12:00,Jack's Magical Beans,6.95
Hawelon Benito,1/16/2014 12:32,Nationwide Refinery,2047.28
Mies Henk,1/16/2014 12:40,Abila Airport,3917.3
Tempestad Brand,1/16/2014 13:17,Katerina’s Café,11.08
Barranco Ingrid,1/16/2014 13:19,Katerina’s Café,27.82
Campo-Corrente Ada,1/16/2014 13:19,Hippokampos,17.66
Herrero Kanon,1/16/2014 13:22,Abila Zacharo,64.71
Scozzese Dylan,1/16/2014 13:22,Abila Airport,3138.98
Strum Orhan,1/16/2014 13:22,Hippokampos,26.15
Calixto Nils,1/16/2014 13:23,Guy's Gyros,31.48
Morlun Valeria,1/16/2014 13:23,Katerina’s Café,34.9
Baza Isak,1/16/2014 13:26,Hippokampos,36.17
Lagos Varja,1/16/2014 13:27,Katerina’s Café,34.02
Mies Haber Ruscella,1/16/2014 13:27,Katerina’s Café,39.74
Ovan Bertrand,1/16/2014 13:27,Abila Zacharo,31.31
Alcazar Lucas,1/16/2014 13:28,Guy's Gyros,10.27
Bergen Linnea,1/16/2014 13:30,Hippokampos,16.53
Borrasca Isande,1/16/2014 13:30,Hippokampos,10.38
Vasco-Pais Willem,1/16/2014 13:33,Gelatogalore,12.33
Ribera Anda,1/16/2014 13:35,Hippokampos,13.05
Azada Lars,1/16/2014 13:36,Hippokampos,31.14
Osvaldo Hennie,1/16/2014 13:37,Gelatogalore,22.19
Vann Edvard,1/16/2014 13:39,Abila Zacharo,69.27
Ferro Inga,1/16/2014 13:42,Guy's Gyros,29.7
Cazar Gustav,1/16/2014 13:43,Hippokampos,14.89
Lais Cornelia,1/16/2014 13:43,Katerina’s Café,38.32
Fusil Stenig,1/16/2014 13:44,Guy's Gyros,13.48
Vann Isia,1/16/2014 13:44,Hippokampos,18.18
Bodrogi Loreto,1/16/2014 13:45,Ouzeri Elian,12.47
Coginian Dante,1/16/2014 13:45,Kalami Kafenion,9.27
Nubarron Adra,1/16/2014 13:45,Ouzeri Elian,18.27
Cocinaro Hideki,1/16/2014 13:47,Abila Zacharo,36.02
Balas Felix,1/16/2014 13:48,Kalami Kafenion,91.38
Bramar Mat,1/16/2014 13:48,Abila Zacharo,24.38
Dedos Lidelse,1/16/2014 13:48,Gelatogalore,32.4
Frente Birgitta,1/16/2014 13:48,Hippokampos,29.93
Orilla Kare,1/16/2014 13:48,Kalami Kafenion,11.83
Flecha Sven,1/16/2014 13:49,Kalami Kafenion,8.86
Onda Marin,1/16/2014 13:54,Hippokampos,8.07
Lagos Linda,1/16/2014 13:55,Hippokampos,30.02
Resumir Felix,1/16/2014 13:55,Abila Zacharo,8.43
Forluniau Carla,1/16/2014 14:00,Ouzeri Elian,8.52
Awelon Varro,1/16/2014 14:01,Ouzeri Elian,8.47
Calzas Axel,1/16/2014 14:05,Guy's Gyros,32.8
Lais Cornelia,1/16/2014 15:58,Octavio's Office Supplies,131.01
Scozzese Dylan,1/16/2014 16:56,Abila Scrapyard,1897.05
Mies Minke,1/16/2014 17:07,Gelatogalore,10.62
Morlun Valeria,1/16/2014 17:17,Carlyle Chemical Inc.,1814.24
Lagos Linda,1/16/2014 18:49,Katerina’s Café,93.68
Flecha Sven,1/16/2014 19:04,Guy's Gyros,25.57
Lagos Varja,1/16/2014 19:09,Guy's Gyros,8.31
Calixto Nils,1/16/2014 19:39,Katerina’s Café,10.93
Vann Edvard,1/16/2014 19:40,Guy's Gyros,37.8
Dedos Lidelse,1/16/2014 19:45,Frydos Autosupply n' More,53.37
Ovan Bertrand,1/16/2014 19:47,Katerina’s Café,34.34
Mies Haber Ruscella,1/16/2014 20:05,Katerina’s Café,69.3
Awelon Varro,1/16/2014 20:08,Albert's Fine Clothing,283.38
Arpa Emile,1/16/2014 20:09,Katerina’s Café,18.79
Resumir Felix,1/16/2014 20:09,Guy's Gyros,28.27
Cazar Gustav,1/16/2014 20:13,Hippokampos,29.13
Tempestad Brand,1/16/2014 20:14,Guy's Gyros,111.31
Bodrogi Loreto,1/16/2014 20:17,Guy's Gyros,25.78
Fusil Stenig,1/16/2014 20:17,Guy's Gyros,30.76
Frente Birgitta,1/16/2014 20:23,Katerina’s Café,13.91
Baza Isak,1/16/2014 20:25,Ouzeri Elian,23.89
Ferro Inga,1/16/2014 20:25,Albert's Fine Clothing,91.71
Forluniau Carla,1/16/2014 20:25,Katerina’s Café,35.43
Mies Minke,1/16/2014 20:25,Roberts and Sons,155.76
Pantanal Rachel,1/16/2014 20:25,Ouzeri Elian,22.65
Alcazar Lucas,1/16/2014 20:28,Ouzeri Elian,9.91
Osvaldo Hennie,1/16/2014 20:28,Katerina’s Café,30.84
Cocinaro Hideki,1/16/2014 20:35,Guy's Gyros,11.31
Nubarron Adra,1/16/2014 20:36,Katerina’s Café,19.44
Coginian Dante,1/16/2014 20:39,Katerina’s Café,30.56
Frente Vira,1/16/2014 20:42,Hippokampos,114.0
Vasco-Pais Willem,1/16/2014 20:43,Hippokampos,27.74
Calzas Axel,1/16/2014 20:45,Shoppers' Delight,160.69
Herrero Kanon,1/16/2014 20:50,Shoppers' Delight,16.84
Orilla Kare,1/16/2014 20:51,Katerina’s Café,34.58
Vann Isia,1/16/2014 20:52,Roberts and Sons,240.66
Bramar Mat,1/16/2014 20:54,Frydos Autosupply n' More,130.01
Campo-Corrente Ada,1/16/2014 20:58,Hippokampos,12.47
Barranco Ingrid,1/16/2014 21:13,Hippokampos,20.84
Orilla Elsa,1/16/2014 21:16,Ouzeri Elian,29.99
Flecha Sven,1/17/2014 7:29,Brew've Been Served,52.56
Onda Marin,1/17/2014 7:31,Hallowed Grounds,3.25
Calixto Nils,1/17/2014 7:33,Hallowed Grounds,14.58
Lais Cornelia,1/17/2014 7:36,Brew've Been Served,11.69
Ovan Bertrand,1/17/2014 7:38,Coffee Cameleon,10.27
Frente Birgitta,1/17/2014 7:39,Hallowed Grounds,15.98
Arpa Emile,1/17/2014 7:41,Hallowed Grounds,10.52
Bramar Mat,1/17/2014 7:50,Brew've Been Served,8.07
Bergen Linnea,1/17/2014 7:51,Coffee Cameleon,6.81
Dedos Lidelse,1/17/2014 7:52,Hallowed Grounds,18.6
Fusil Stenig,1/17/2014 7:52,Coffee Cameleon,9.16
Sanjorge Jr. Sten,1/17/2014 7:56,Hallowed Grounds,9.72
Vann Isia,1/17/2014 7:57,Brew've Been Served,10.52
Ribera Anda,1/17/2014 7:59,Hallowed Grounds,5.52
Vann Edvard,1/17/2014 7:59,Brew've Been Served,19.39
Lagos Varja,1/17/2014 8:03,Brew've Been Served,13.66
Orilla Kare,1/17/2014 8:03,Hallowed Grounds,38.22
Alcazar Lucas,1/17/2014 8:04,Hallowed Grounds,9.4
Osvaldo Hennie,1/17/2014 8:04,Brew've Been Served,16.62
Forluniau Carla,1/17/2014 8:07,Coffee Cameleon,7.49
Azada Lars,1/17/2014 8:08,Kronos Mart,286.24
Coginian Dante,1/17/2014 8:09,Brew've Been Served,9.3
Mies Haber Ruscella,1/17/2014 8:12,Brew've Been Served,18.15
Pantanal Rachel,1/17/2014 8:12,Hallowed Grounds,6.39
Mies Minke,1/17/2014 8:13,Coffee Cameleon,14.99
Bodrogi Loreto,1/17/2014 8:15,Brew've Been Served,3.09
Resumir Felix,1/17/2014 8:17,Brew've Been Served,5.29
Lagos Linda,1/17/2014 8:19,Brew've Been Served,14.58
Ferro Inga,1/17/2014 8:22,Brew've Been Served,15.46
Herrero Kanon,1/17/2014 8:23,Brew've Been Served,51.04
Morluniau Cecilia,1/17/2014 11:32,Stewart and Sons Fabrication,1753.17
Awelon Varro,1/17/2014 12:00,Coffee Shack,19.16
Azada Lars,1/17/2014 12:00,Bean There Done That,19.67
Balas Felix,1/17/2014 12:00,Bean There Done That,8.21
Barranco Ingrid,1/17/2014 12:00,Brewed Awakenings,8.16
Baza Isak,1/17/2014 12:00,Jack's Magical Beans,7.57
Borrasca Isande,1/17/2014 12:00,Brewed Awakenings,88.69
Calzas Axel,1/17/2014 12:00,Bean There Done That,19.56
Campo-Corrente Ada,1/17/2014 12:00,Brewed Awakenings,6.0
Cazar Gustav,1/17/2014 12:00,Bean There Done That,18.72
Frente Vira,1/17/2014 12:00,Bean There Done That,5.77
Orilla Elsa,1/17/2014 12:00,Jack's Magical Beans,19.11
Campo-Corrente Ada,1/17/2014 13:11,Abila Zacharo,68.78
Bergen Linnea,1/17/2014 13:16,Kalami Kafenion,140.78
Forluniau Carla,1/17/2014 13:16,Hippokampos,38.21
Strum Orhan,1/17/2014 13:17,Gelatogalore,15.84
Barranco Ingrid,1/17/2014 13:18,Guy's Gyros,8.64
Lagos Varja,1/17/2014 13:21,Guy's Gyros,22.18
Vann Edvard,1/17/2014 13:27,Hippokampos,14.57
Sanjorge Jr. Sten,1/17/2014 13:28,Abila Zacharo,15.95
Fusil Stenig,1/17/2014 13:31,Hippokampos,15.77
Balas Felix,1/17/2014 13:33,Gelatogalore,23.23
Vasco-Pais Willem,1/17/2014 13:37,Kalami Kafenion,105.32
Azada Lars,1/17/2014 13:38,Ouzeri Elian,14.01
Bodrogi Loreto,1/17/2014 13:38,Guy's Gyros,39.14
Herrero Kanon,1/17/2014 13:38,Hippokampos,52.31
Mies Haber Ruscella,1/17/2014 13:38,Kalami Kafenion,39.43
Osvaldo Hennie,1/17/2014 13:39,Kalami Kafenion,27.7
Onda Marin,1/17/2014 13:40,Gelatogalore,37.3
Nubarron Adra,1/17/2014 13:41,Abila Zacharo,14.51
Ovan Bertrand,1/17/2014 13:42,Katerina’s Café,21.01
Vann Isia,1/17/2014 13:45,Abila Zacharo,79.67
Pantanal Rachel,1/17/2014 13:47,Gelatogalore,18.1
Cazar Gustav,1/17/2014 13:48,Katerina’s Café,13.11
Tempestad Brand,1/17/2014 13:49,Chostus Hotel,114.22
Dedos Lidelse,1/17/2014 13:51,Kalami Kafenion,20.02
Ferro Inga,1/17/2014 13:51,Gelatogalore,34.59
Frente Birgitta,1/17/2014 13:52,Hippokampos,108.35
Lagos Linda,1/17/2014 13:53,Kalami Kafenion,24.21
Mies Minke,1/17/2014 13:53,Katerina’s Café,35.52
Borrasca Isande,1/17/2014 13:54,Chostus Hotel,159.62
Resumir Felix,1/17/2014 13:55,Guy's Gyros,32.31
Orilla Kare,1/17/2014 13:57,Gelatogalore,21.62
Calzas Axel,1/17/2014 13:58,Hippokampos,21.81
Cocinaro Hideki,1/17/2014 13:58,Kalami Kafenion,27.73
Coginian Dante,1/17/2014 14:00,Guy's Gyros,15.12
Awelon Varro,1/17/2014 14:05,Guy's Gyros,21.1
Lais Cornelia,1/17/2014 14:06,Abila Zacharo,51.95
Bramar Mat,1/17/2014 14:15,Katerina’s Café,70.72
Arpa Emile,1/17/2014 14:32,Ouzeri Elian,26.1
Orilla Kare,1/17/2014 19:24,Katerina’s Café,22.18
Fusil Stenig,1/17/2014 19:29,Guy's Gyros,19.68
Awelon Varro,1/17/2014 19:40,Hippokampos,19.76
Baza Isak,1/17/2014 19:40,Ouzeri Elian,38.6
Cazar Gustav,1/17/2014 19:44,Albert's Fine Clothing,39.41
Resumir Felix,1/17/2014 19:46,Guy's Gyros,16.83
Vann Edvard,1/17/2014 19:53,Guy's Gyros,35.1
Arpa Emile,1/17/2014 19:57,Katerina’s Café,34.93
Bramar Mat,1/17/2014 19:57,Frydos Autosupply n' More,124.52
Borrasca Isande,1/17/2014 20:03,Hippokampos,8.92
Flecha Sven,1/17/2014 20:05,Shoppers' Delight,155.01
Onda Marin,1/17/2014 20:07,Katerina’s Café,21.22
Orilla Elsa,1/17/2014 20:07,Ouzeri Elian,70.21
Lagos Varja,1/17/2014 20:16,Guy's Gyros,37.55
Coginian Dante,1/17/2014 20:19,Katerina’s Café,36.12
Bergen Linnea,1/17/2014 20:20,Katerina’s Café,19.09
Ferro Inga,1/17/2014 20:21,Guy's Gyros,8.31
Herrero Kanon,1/17/2014 20:21,Shoppers' Delight,289.33
Bodrogi Loreto,1/17/2014 20:24,Guy's Gyros,8.54
Calixto Nils,1/17/2014 20:24,Katerina’s Café,72.13
Alcazar Lucas,1/17/2014 20:28,Ouzeri Elian,35.81
Pantanal Rachel,1/17/2014 20:35,Ouzeri Elian,26.4
Cocinaro Hideki,1/17/2014 20:41,General Grocer,98.03
Vann Isia,1/17/2014 20:41,Frydos Autosupply n' More,260.08
Barranco Ingrid,1/17/2014 20:54,Hippokampos,11.93
Nubarron Adra,1/17/2014 20:58,Katerina’s Café,38.21
Tempestad Brand,1/17/2014 20:59,Guy's Gyros,29.71
Mies Haber Ruscella,1/17/2014 21:05,Katerina’s Café,33.73
Osvaldo Hennie,1/17/2014 21:06,Katerina’s Café,27.49
Mies Minke,1/17/2014 21:07,Guy's Gyros,55.4
Lais Cornelia,1/17/2014 21:15,Frydos Autosupply n' More,67.29
Vasco-Pais Willem,1/17/2014 21:29,Hippokampos,38.19
Balas Felix,1/17/2014 21:58,Hippokampos,12.86
Sanjorge Jr. Sten,1/18/2014 12:03,Chostus Hotel,600.0
Strum Orhan,1/18/2014 13:04,Abila Zacharo,111.93
Borrasca Isande,1/18/2014 13:05,Abila Zacharo,25.59
Ribera Anda,1/18/2014 13:15,Katerina’s Café,34.54
Frente Vira,1/18/2014 13:18,Ouzeri Elian,33.57
Lais Cornelia,1/18/2014 13:19,Kalami Kafenion,30.12
Calzas Axel,1/18/2014 13:21,Hippokampos,100.11
Bergen Linnea,1/18/2014 13:25,Abila Zacharo,18.45
Flecha Sven,1/18/2014 13:27,Guy's Gyros,55.21
Dedos Lidelse,1/18/2014 13:28,Guy's Gyros,27.4
Vasco-Pais Willem,1/18/2014 13:28,Kalami Kafenion,38.91
Alcazar Lucas,1/18/2014 13:32,Abila Zacharo,16.59
Lagos Varja,1/18/2014 13:34,Katerina’s Café,19.3
Ovan Bertrand,1/18/2014 13:34,Ouzeri Elian,25.75
Cazar Gustav,1/18/2014 13:58,Kalami Kafenion,24.14
Pantanal Rachel,1/18/2014 13:58,Gelatogalore,84.38
Lagos Linda,1/18/2014 14:00,Katerina’s Café,37.26
Coginian Dante,1/18/2014 14:02,Kalami Kafenion,42.73
Barranco Ingrid,1/18/2014 14:03,Katerina’s Café,96.36
Frente Birgitta,1/18/2014 14:05,Guy's Gyros,47.89
Ferro Inga,1/18/2014 14:06,Katerina’s Café,24.14
Resumir Felix,1/18/2014 14:17,Kalami Kafenion,53.36
Herrero Kanon,1/18/2014 14:51,Ahaggo Museum,55.55
Flecha Sven,1/18/2014 14:55,Ahaggo Museum,120.2
Frente Vira,1/18/2014 15:20,Albert's Fine Clothing,35.66
Lais Cornelia,1/18/2014 15:31,Frydos Autosupply n' More,103.41
Ovan Bertrand,1/18/2014 15:31,General Grocer,177.6
Dedos Lidelse,1/18/2014 15:32,Frydos Autosupply n' More,361.54
Strum Orhan,1/18/2014 15:40,Shoppers' Delight,258.33
Bergen Linnea,1/18/2014 15:41,Roberts and Sons,62.47
Calzas Axel,1/18/2014 15:51,Frydos Autosupply n' More,103.55
Vasco-Pais Willem,1/18/2014 15:53,Frydos Autosupply n' More,120.67
Ribera Anda,1/18/2014 15:57,Albert's Fine Clothing,189.52
Balas Felix,1/18/2014 18:39,Frank's Fuel,52.66
Mies Haber Ruscella,1/18/2014 18:51,Frydos Autosupply n' More,234.53
Strum Orhan,1/18/2014 18:59,Albert's Fine Clothing,226.49
Lagos Varja,1/18/2014 19:08,Guy's Gyros,39.68
Arpa Emile,1/18/2014 19:17,Katerina’s Café,21.63
Frente Birgitta,1/18/2014 19:20,Roberts and Sons,266.69
Baza Isak,1/18/2014 19:21,Ouzeri Elian,57.63
Cazar Gustav,1/18/2014 19:21,Hippokampos,21.34
Lais Cornelia,1/18/2014 19:21,Guy's Gyros,28.07
Alcazar Lucas,1/18/2014 19:26,Ouzeri Elian,61.56
Calixto Nils,1/18/2014 19:30,Katerina’s Café,8.14
Dedos Lidelse,1/18/2014 19:31,Katerina’s Café,22.74
Mies Minke,1/18/2014 19:32,Katerina’s Café,33.41
Frente Vira,1/18/2014 19:35,Hippokampos,27.21
Ribera Anda,1/18/2014 19:36,Katerina’s Café,35.79
Vann Edvard,1/18/2014 19:36,Abila Zacharo,21.29
Vasco-Pais Willem,1/18/2014 19:36,Hippokampos,53.21
Balas Felix,1/18/2014 19:39,Kalami Kafenion,71.14
Fusil Stenig,1/18/2014 19:39,Guy's Gyros,78.36
Campo-Corrente Ada,1/18/2014 19:42,Hippokampos,63.21
Barranco Ingrid,1/18/2014 19:46,Roberts and Sons,125.35
Coginian Dante,1/18/2014 19:46,Katerina’s Café,11.19
Pantanal Rachel,1/18/2014 19:46,Ouzeri Elian,14.9
Bramar Mat,1/18/2014 19:47,Katerina’s Café,16.48
Ovan Bertrand,1/18/2014 19:53,Katerina’s Café,76.1
Onda Marin,1/18/2014 19:54,Katerina’s Café,33.63
Forluniau Carla,1/18/2014 19:56,Katerina’s Café,32.68
Herrero Kanon,1/18/2014 20:01,Hippokampos,49.21
Osvaldo Hennie,1/18/2014 20:01,Katerina’s Café,17.37
Lagos Linda,1/18/2014 20:04,Katerina’s Café,45.88
Resumir Felix,1/18/2014 20:07,General Grocer,108.49
Vann Isia,1/18/2014 20:09,Katerina’s Café,19.31
Azada Lars,1/18/2014 20:11,Hippokampos,72.5
Bodrogi Loreto,1/18/2014 20:13,Katerina’s Café,9.72
Ferro Inga,1/18/2014 20:15,Katerina’s Café,37.21
Calzas Axel,1/18/2014 20:23,Hippokampos,29.21
Awelon Varro,1/18/2014 20:26,Hippokampos,55.03
Lagos Varja,1/19/2014 3:13,Kronos Mart,87.66
Alcazar Lucas,1/19/2014 3:45,Kronos Mart,194.51
Campo-Corrente Ada,1/19/2014 3:48,Kronos Mart,150.36
Strum Orhan,1/19/2014 12:41,Desafio Golf Course,150.07
Barranco Ingrid,1/19/2014 12:57,Desafio Golf Course,145.72
Vann Isia,1/19/2014 13:00,Katerina’s Café,35.01
Frente Vira,1/19/2014 13:09,Gelatogalore,22.36
Vann Edvard,1/19/2014 13:23,Katerina’s Café,70.22
Orilla Elsa,1/19/2014 13:26,Ahaggo Museum,26.91
Lagos Varja,1/19/2014 13:27,Ouzeri Elian,23.65
Nubarron Adra,1/19/2014 13:33,Hippokampos,64.37
Campo-Corrente Ada,1/19/2014 13:51,Desafio Golf Course,190.91
Mies Minke,1/19/2014 13:53,Katerina’s Café,26.76
Onda Marin,1/19/2014 14:01,Katerina’s Café,12.78
Flecha Sven,1/19/2014 14:08,Ouzeri Elian,45.32
Orilla Kare,1/19/2014 14:20,Katerina’s Café,54.2
Resumir Felix,1/19/2014 14:20,Abila Zacharo,47.8
Frente Vira,1/19/2014 15:03,General Grocer,70.22
Vasco-Pais Willem,1/19/2014 15:15,Desafio Golf Course,110.02
Lagos Varja,1/19/2014 15:26,Frydos Autosupply n' More,56.09
Nubarron Adra,1/19/2014 15:39,Albert's Fine Clothing,274.66
Sanjorge Jr. Sten,1/19/2014 15:46,Desafio Golf Course,148.22
Vann Edvard,1/19/2014 15:53,Frydos Autosupply n' More,209.76
Ovan Bertrand,1/19/2014 18:54,Katerina’s Café,72.25
Balas Felix,1/19/2014 19:43,Hippokampos,101.25
Campo-Corrente Ada,1/19/2014 19:43,Hippokampos,48.23
Cazar Gustav,1/19/2014 19:44,Hippokampos,88.27
Frente Vira,1/19/2014 19:44,Hippokampos,46.32
Flecha Sven,1/19/2014 19:45,Guy's Gyros,65.21
Herrero Kanon,1/19/2014 19:45,Guy's Gyros,23.21
Lagos Varja,1/19/2014 19:45,Guy's Gyros,58.35
Osvaldo Hennie,1/19/2014 19:45,Frydos Autosupply n' More,98.04
Sanjorge Jr. Sten,1/19/2014 19:45,Guy's Gyros,25.79
Baza Isak,1/19/2014 19:48,Ouzeri Elian,67.98
Alcazar Lucas,1/19/2014 19:49,Ouzeri Elian,32.77
Fusil Stenig,1/19/2014 19:49,Guy's Gyros,100.36
Calixto Nils,1/19/2014 19:53,Katerina’s Café,34.03
Nubarron Adra,1/19/2014 19:56,Shoppers' Delight,30.39
Vasco-Pais Willem,1/19/2014 19:56,Hippokampos,63.17
Vann Isia,1/19/2014 20:00,Guy's Gyros,18.08
Borrasca Isande,1/19/2014 20:02,Albert's Fine Clothing,254.29
Dedos Lidelse,1/19/2014 20:05,Katerina’s Café,33.79
Cocinaro Hideki,1/19/2014 20:14,Guy's Gyros,36.87
Azada Lars,1/19/2014 20:16,Hippokampos,78.96
Tempestad Brand,1/19/2014 20:16,Guy's Gyros,37.48
Frente Birgitta,1/19/2014 20:22,Katerina’s Café,38.9
Bodrogi Loreto,1/19/2014 20:25,Guy's Gyros,20.94
Mies Minke,1/19/2014 20:30,Guy's Gyros,31.94
Resumir Felix,1/19/2014 20:51,Guy's Gyros,39.6
