FullName,location,timestamp_y,price
Alcazar Lucas,Abila Zacharo,2014-01-09 13:41:00,29.41
Alcazar Lucas,Abila Zacharo,2014-01-18 13:32:00,16.59
Alcazar Lucas,Albert's Fine Clothing,2014-01-06 20:26:00,276.9
Alcazar Lucas,Gelatogalore,2014-01-07 13:37:00,21.52
Alcazar Lucas,Guy's Gyros,2014-01-16 13:28:00,10.27
Alcazar Lucas,Hallowed Grounds,2014-01-06 07:55:00,8.05
Alcazar Lucas,Hallowed Grounds,2014-01-07 07:46:00,4.44
Alcazar Lucas,Hallowed Grounds,2014-01-09 07:50:00,14.45
Alcazar Lucas,Hallowed Grounds,2014-01-16 08:05:00,12.19
Alcazar Lucas,Hallowed Grounds,2014-01-17 08:04:00,9.4
Alcazar Lucas,Hippokampos,2014-01-08 13:43:00,39.8
Alcazar Lucas,Hippokampos,2014-01-12 14:06:00,31.99
Alcazar Lucas,Hippokampos,2014-01-13 13:28:00,30.51
Alcazar Lucas,Ouzeri Elian,2014-01-08 21:16:00,10.81
Alcazar Lucas,Ouzeri Elian,2014-01-13 19:30:00,28.75
Alcazar Lucas,Ouzeri Elian,2014-01-16 20:28:00,9.91
Alcazar Lucas,Ouzeri Elian,2014-01-17 20:28:00,35.81
Alcazar Lucas,Ouzeri Elian,2014-01-18 19:26:00,21.56
Arpa Emile,Frydos Autosupply n' More,2014-01-11 20:22:00,236.25
Arpa Emile,Frydos Autosupply n' More,2014-01-13 19:41:00,188.57
Arpa Emile,Gelatogalore,2014-01-14 14:03:00,22.03
Arpa Emile,General Grocer,2014-01-11 15:31:00,78.02
Arpa Emile,Guy's Gyros,2014-01-10 13:57:00,16.34
Arpa Emile,Guy's Gyros,2014-01-12 14:16:00,30.47
Arpa Emile,Guy's Gyros,2014-01-13 14:33:00,36.87
Arpa Emile,Hallowed Grounds,2014-01-06 07:47:00,16.53
Arpa Emile,Hallowed Grounds,2014-01-07 07:37:00,8.91
Arpa Emile,Hallowed Grounds,2014-01-08 07:40:00,5.85
Arpa Emile,Hallowed Grounds,2014-01-09 07:46:00,15.24
Arpa Emile,Hallowed Grounds,2014-01-10 07:34:00,16.75
Arpa Emile,Hallowed Grounds,2014-01-14 07:44:00,16.67
Arpa Emile,Hallowed Grounds,2014-01-16 07:45:00,17.92
Arpa Emile,Hippokampos,2014-01-07 14:11:00,37.57
Arpa Emile,Kalami Kafenion,2014-01-06 14:15:00,27.4
Arpa Emile,Kalami Kafenion,2014-01-08 14:19:00,31.43
Arpa Emile,Kalami Kafenion,2014-01-09 14:04:00,10.94
Arpa Emile,Katerina’s Café,2014-01-06 19:08:00,26.46
Arpa Emile,Katerina’s Café,2014-01-09 19:25:00,35.92
Arpa Emile,Katerina’s Café,2014-01-12 20:04:00,39.3
Arpa Emile,Katerina’s Café,2014-01-16 20:09:00,18.79
Arpa Emile,Katerina’s Café,2014-01-17 19:57:00,14.93
Arpa Emile,Ouzeri Elian,2014-01-15 13:51:00,26.61
Arpa Emile,Ouzeri Elian,2014-01-17 14:32:00,26.1
Awelon Varro,Albert's Fine Clothing,2014-01-07 20:10:00,78.91
Awelon Varro,Albert's Fine Clothing,2014-01-09 20:21:00,224.52
Awelon Varro,Albert's Fine Clothing,2014-01-15 20:46:00,228.15
Awelon Varro,Albert's Fine Clothing,2014-01-16 20:08:00,283.38
Awelon Varro,Coffee Shack,2014-01-06 12:00:00,11.51
Awelon Varro,Coffee Shack,2014-01-07 12:00:00,16.63
Awelon Varro,Coffee Shack,2014-01-08 12:00:00,13.13
Awelon Varro,Coffee Shack,2014-01-09 12:00:00,5.01
Awelon Varro,Coffee Shack,2014-01-13 12:00:00,4.09
Awelon Varro,Coffee Shack,2014-01-14 12:00:00,3.63
Awelon Varro,Coffee Shack,2014-01-16 12:00:00,10.48
Awelon Varro,Coffee Shack,2014-01-17 12:00:00,19.16
Awelon Varro,Gelatogalore,2014-01-09 14:18:00,36.75
Awelon Varro,Gelatogalore,2014-01-15 13:46:00,24.96
Awelon Varro,General Grocer,2014-01-12 15:46:00,159.3
Awelon Varro,Guy's Gyros,2014-01-13 14:00:00,38.07
Awelon Varro,Guy's Gyros,2014-01-17 14:05:00,21.1
Awelon Varro,Hippokampos,2014-01-06 20:46:00,24.41
Awelon Varro,Hippokampos,2014-01-08 20:28:00,16.75
Awelon Varro,Hippokampos,2014-01-10 14:07:00,19.88
Awelon Varro,Hippokampos,2014-01-10 19:56:00,19.88
Awelon Varro,Hippokampos,2014-01-11 20:27:00,69.8
Awelon Varro,Hippokampos,2014-01-12 13:35:00,29.2
Awelon Varro,Hippokampos,2014-01-13 21:13:00,32.29
Awelon Varro,Hippokampos,2014-01-17 19:40:00,19.76
Awelon Varro,Hippokampos,2014-01-18 20:26:00,55.03
Awelon Varro,Kalami Kafenion,2014-01-06 14:00:00,13.08
Awelon Varro,Kalami Kafenion,2014-01-08 14:15:00,34.98
Awelon Varro,Kalami Kafenion,2014-01-11 14:09:00,35.66
Awelon Varro,Ouzeri Elian,2014-01-14 14:01:00,19.7
Awelon Varro,Ouzeri Elian,2014-01-16 14:01:00,8.47
Azada Lars,Abila Zacharo,2014-01-07 13:20:00,13.52
Azada Lars,Abila Zacharo,2014-01-08 13:34:00,14.41
Azada Lars,Bean There Done That,2014-01-06 12:00:00,10.28
Azada Lars,Bean There Done That,2014-01-07 12:00:00,11.25
Azada Lars,Bean There Done That,2014-01-08 12:00:00,17.45
Azada Lars,Bean There Done That,2014-01-09 12:00:00,13.0
Azada Lars,Bean There Done That,2014-01-10 12:00:00,15.39
Azada Lars,Bean There Done That,2014-01-13 12:00:00,7.93
Azada Lars,Bean There Done That,2014-01-14 12:00:00,7.28
Azada Lars,Bean There Done That,2014-01-16 12:00:00,19.82
Azada Lars,Bean There Done That,2014-01-17 12:00:00,19.67
Azada Lars,Gelatogalore,2014-01-10 13:35:00,26.15
Azada Lars,Gelatogalore,2014-01-13 13:41:00,36.93
Azada Lars,Guy's Gyros,2014-01-06 13:24:00,15.44
Azada Lars,Guy's Gyros,2014-01-09 13:43:00,14.91
Azada Lars,Guy's Gyros,2014-01-15 13:22:00,14.37
Azada Lars,Hippokampos,2014-01-06 20:46:00,21.33
Azada Lars,Hippokampos,2014-01-07 20:02:00,11.56
Azada Lars,Hippokampos,2014-01-08 19:21:00,10.52
Azada Lars,Hippokampos,2014-01-10 19:46:00,28.22
Azada Lars,Hippokampos,2014-01-11 20:23:00,70.23
Azada Lars,Hippokampos,2014-01-12 19:29:00,66.63
Azada Lars,Hippokampos,2014-01-13 20:42:00,31.59
Azada Lars,Hippokampos,2014-01-14 19:44:00,39.64
Azada Lars,Hippokampos,2014-01-16 13:36:00,31.14
Azada Lars,Hippokampos,2014-01-18 20:11:00,72.5
Azada Lars,Hippokampos,2014-01-19 20:16:00,78.96
Balas Felix,Abila Zacharo,2014-01-13 13:42:00,11.99
Balas Felix,Abila Zacharo,2014-01-15 13:45:00,8.83
Balas Felix,Albert's Fine Clothing,2014-01-08 20:45:00,136.01
Balas Felix,Albert's Fine Clothing,2014-01-14 20:50:00,228.72
Balas Felix,Bean There Done That,2014-01-06 12:00:00,16.09
Balas Felix,Bean There Done That,2014-01-08 12:00:00,12.07
Balas Felix,Bean There Done That,2014-01-10 12:00:00,3.92
Balas Felix,Bean There Done That,2014-01-13 12:00:00,18.02
Balas Felix,Bean There Done That,2014-01-14 12:00:00,19.37
Balas Felix,Bean There Done That,2014-01-15 12:00:00,5.34
Balas Felix,Bean There Done That,2014-01-16 12:00:00,12.33
Balas Felix,Bean There Done That,2014-01-17 12:00:00,8.21
Balas Felix,Frank's Fuel,2014-01-18 18:39:00,52.66
Balas Felix,Gelatogalore,2014-01-17 13:33:00,23.23
Balas Felix,Guy's Gyros,2014-01-06 13:46:00,30.82
Balas Felix,Guy's Gyros,2014-01-07 13:46:00,10.11
Balas Felix,Guy's Gyros,2014-01-10 13:47:00,31.5
Balas Felix,Hippokampos,2014-01-08 13:48:00,28.79
Balas Felix,Hippokampos,2014-01-09 13:41:00,8.43
Balas Felix,Hippokampos,2014-01-09 13:41:00,10.12
Balas Felix,Hippokampos,2014-01-09 21:38:00,8.43
Balas Felix,Hippokampos,2014-01-09 21:38:00,10.12
Balas Felix,Hippokampos,2014-01-11 19:53:00,67.37
Balas Felix,Hippokampos,2014-01-12 20:05:00,78.21
Balas Felix,Hippokampos,2014-01-15 20:10:00,35.12
Balas Felix,Hippokampos,2014-01-17 21:58:00,12.86
Balas Felix,Hippokampos,2014-01-19 19:43:00,101.25
Balas Felix,Kalami Kafenion,2014-01-14 13:24:00,17.38
Balas Felix,Kalami Kafenion,2014-01-16 13:48:00,31.38
Balas Felix,Kalami Kafenion,2014-01-18 19:39:00,11.14
Barranco Ingrid,Abila Zacharo,2014-01-06 13:27:00,30.08
Barranco Ingrid,Abila Zacharo,2014-01-07 13:33:00,12.72
Barranco Ingrid,Abila Zacharo,2014-01-15 13:26:00,23.51
Barranco Ingrid,Albert's Fine Clothing,2014-01-13 20:35:00,288.0
Barranco Ingrid,Brewed Awakenings,2014-01-06 12:00:00,5.72
Barranco Ingrid,Brewed Awakenings,2014-01-08 12:00:00,11.73
Barranco Ingrid,Brewed Awakenings,2014-01-10 12:00:00,13.82
Barranco Ingrid,Brewed Awakenings,2014-01-13 12:00:00,12.69
Barranco Ingrid,Brewed Awakenings,2014-01-14 12:00:00,17.14
Barranco Ingrid,Brewed Awakenings,2014-01-17 12:00:00,8.16
Barranco Ingrid,Desafio Golf Course,2014-01-12 14:13:00,160.77
Barranco Ingrid,Desafio Golf Course,2014-01-19 12:57:00,145.72
Barranco Ingrid,Frydos Autosupply n' More,2014-01-11 16:09:00,52.73
Barranco Ingrid,Guy's Gyros,2014-01-17 13:18:00,8.64
Barranco Ingrid,Hippokampos,2014-01-06 20:52:00,17.27
Barranco Ingrid,Hippokampos,2014-01-07 21:21:00,15.85
Barranco Ingrid,Hippokampos,2014-01-08 20:53:00,26.31
Barranco Ingrid,Hippokampos,2014-01-10 20:09:00,10.48
Barranco Ingrid,Hippokampos,2014-01-11 13:47:00,20.87
Barranco Ingrid,Hippokampos,2014-01-11 13:47:00,66.21
Barranco Ingrid,Hippokampos,2014-01-11 19:26:00,20.87
Barranco Ingrid,Hippokampos,2014-01-11 19:26:00,66.21
Barranco Ingrid,Hippokampos,2014-01-12 20:38:00,63.32
Barranco Ingrid,Hippokampos,2014-01-16 21:13:00,20.84
Barranco Ingrid,Hippokampos,2014-01-17 20:54:00,11.93
Barranco Ingrid,Katerina’s Café,2014-01-10 13:30:00,34.76
Barranco Ingrid,Katerina’s Café,2014-01-16 13:19:00,27.82
Barranco Ingrid,Katerina’s Café,2014-01-18 14:03:00,96.36
Barranco Ingrid,Ouzeri Elian,2014-01-09 13:21:00,26.09
Baza Isak,Abila Zacharo,2014-01-07 13:25:00,22.25
Baza Isak,Abila Zacharo,2014-01-10 13:29:00,33.33
Baza Isak,Gelatogalore,2014-01-09 13:23:00,8.6
Baza Isak,Hippokampos,2014-01-15 13:24:00,13.0
Baza Isak,Hippokampos,2014-01-16 13:26:00,36.17
Baza Isak,Jack's Magical Beans,2014-01-06 12:00:00,11.03
Baza Isak,Jack's Magical Beans,2014-01-07 12:00:00,3.68
Baza Isak,Jack's Magical Beans,2014-01-08 12:00:00,3.96
Baza Isak,Jack's Magical Beans,2014-01-09 12:00:00,10.11
Baza Isak,Jack's Magical Beans,2014-01-10 12:00:00,15.69
Baza Isak,Jack's Magical Beans,2014-01-13 12:00:00,18.31
Baza Isak,Jack's Magical Beans,2014-01-16 12:00:00,9.12
Baza Isak,Jack's Magical Beans,2014-01-17 12:00:00,7.57
Baza Isak,Katerina’s Café,2014-01-06 13:46:00,18.56
Baza Isak,Katerina’s Café,2014-01-08 13:28:00,8.53
Baza Isak,Katerina’s Café,2014-01-13 13:34:00,26.15
Baza Isak,Ouzeri Elian,2014-01-08 21:17:00,29.85
Baza Isak,Ouzeri Elian,2014-01-10 18:52:00,19.92
Baza Isak,Ouzeri Elian,2014-01-11 19:21:00,69.36
Baza Isak,Ouzeri Elian,2014-01-12 19:59:00,55.55
Baza Isak,Ouzeri Elian,2014-01-14 13:41:00,11.86
Baza Isak,Ouzeri Elian,2014-01-14 20:32:00,11.86
Baza Isak,Ouzeri Elian,2014-01-15 20:29:00,23.18
Baza Isak,Ouzeri Elian,2014-01-16 20:25:00,23.89
Baza Isak,Ouzeri Elian,2014-01-17 19:40:00,38.6
Baza Isak,Ouzeri Elian,2014-01-18 19:21:00,57.63
Baza Isak,Ouzeri Elian,2014-01-19 19:48:00,67.98
Bergen Linnea,Abila Zacharo,2014-01-18 13:25:00,18.45
Bergen Linnea,Coffee Cameleon,2014-01-06 07:42:00,8.73
Bergen Linnea,Coffee Cameleon,2014-01-07 07:49:00,7.66
Bergen Linnea,Coffee Cameleon,2014-01-08 07:51:00,6.59
Bergen Linnea,Coffee Cameleon,2014-01-10 07:40:00,8.51
Bergen Linnea,Coffee Cameleon,2014-01-13 08:02:00,4.88
Bergen Linnea,Coffee Cameleon,2014-01-14 07:53:00,15.63
Bergen Linnea,Coffee Cameleon,2014-01-15 07:56:00,5.49
Bergen Linnea,Coffee Cameleon,2014-01-17 07:51:00,6.81
Bergen Linnea,Gelatogalore,2014-01-06 13:19:00,12.74
Bergen Linnea,Gelatogalore,2014-01-07 13:33:00,34.04
Bergen Linnea,Guy's Gyros,2014-01-10 13:27:00,15.93
Bergen Linnea,Hippokampos,2014-01-08 13:26:00,16.59
Bergen Linnea,Hippokampos,2014-01-13 13:24:00,35.73
Bergen Linnea,Hippokampos,2014-01-14 13:17:00,36.01
Bergen Linnea,Hippokampos,2014-01-16 13:30:00,16.53
Bergen Linnea,Kalami Kafenion,2014-01-17 13:16:00,140.78
Bergen Linnea,Katerina’s Café,2014-01-06 20:07:00,23.63
Bergen Linnea,Katerina’s Café,2014-01-07 20:09:00,19.49
Bergen Linnea,Katerina’s Café,2014-01-09 13:03:00,17.02
Bergen Linnea,Katerina’s Café,2014-01-12 19:21:00,11.81
Bergen Linnea,Katerina’s Café,2014-01-15 21:05:00,13.77
Bergen Linnea,Katerina’s Café,2014-01-17 20:20:00,19.09
Bergen Linnea,Octavio's Office Supplies,2014-01-10 16:07:00,64.51
Bergen Linnea,Ouzeri Elian,2014-01-15 13:10:00,8.93
Bergen Linnea,Roberts and Sons,2014-01-18 15:41:00,62.47
Bodrogi Loreto,Abila Zacharo,2014-01-13 13:48:00,36.32
Bodrogi Loreto,Brew've Been Served,2014-01-06 08:06:00,18.24
Bodrogi Loreto,Brew've Been Served,2014-01-08 07:48:00,12.92
Bodrogi Loreto,Brew've Been Served,2014-01-10 08:09:00,14.45
Bodrogi Loreto,Brew've Been Served,2014-01-14 07:48:00,6.45
Bodrogi Loreto,Brew've Been Served,2014-01-15 08:02:00,15.58
Bodrogi Loreto,Brew've Been Served,2014-01-16 08:02:00,5.82
Bodrogi Loreto,Brew've Been Served,2014-01-17 08:15:00,3.09
Bodrogi Loreto,Brewed Awakenings,2014-01-07 12:00:00,4.84
Bodrogi Loreto,Frank's Fuel,2014-01-08 12:29:00,65.34
Bodrogi Loreto,Frydos Autosupply n' More,2014-01-08 20:17:00,182.56
Bodrogi Loreto,Frydos Autosupply n' More,2014-01-09 20:45:00,276.75
Bodrogi Loreto,Gelatogalore,2014-01-15 13:55:00,31.21
Bodrogi Loreto,Guy's Gyros,2014-01-07 20:14:00,22.33
Bodrogi Loreto,Guy's Gyros,2014-01-08 13:40:00,17.9
Bodrogi Loreto,Guy's Gyros,2014-01-12 19:32:00,34.41
Bodrogi Loreto,Guy's Gyros,2014-01-15 20:59:00,21.43
Bodrogi Loreto,Guy's Gyros,2014-01-17 13:38:00,8.54
Bodrogi Loreto,Guy's Gyros,2014-01-17 13:38:00,39.14
Bodrogi Loreto,Guy's Gyros,2014-01-17 20:24:00,8.54
Bodrogi Loreto,Guy's Gyros,2014-01-17 20:24:00,39.14
Bodrogi Loreto,Guy's Gyros,2014-01-19 20:25:00,20.94
Bodrogi Loreto,Hippokampos,2014-01-07 13:53:00,31.69
Bodrogi Loreto,Hippokampos,2014-01-14 13:37:00,19.07
Bodrogi Loreto,Jack's Magical Beans,2014-01-09 12:00:00,6.0
Bodrogi Loreto,Katerina’s Café,2014-01-06 13:59:00,39.41
Bodrogi Loreto,Katerina’s Café,2014-01-09 13:35:00,10.42
Bodrogi Loreto,Katerina’s Café,2014-01-18 20:13:00,9.72
Bodrogi Loreto,Ouzeri Elian,2014-01-10 13:35:00,35.24
Bodrogi Loreto,Ouzeri Elian,2014-01-16 13:45:00,12.47
Bodrogi Loreto,Shoppers' Delight,2014-01-13 19:27:00,216.43
Borrasca Isande,Abila Zacharo,2014-01-11 13:33:00,89.54
Borrasca Isande,Abila Zacharo,2014-01-18 13:05:00,73.25
Borrasca Isande,Albert's Fine Clothing,2014-01-19 20:02:00,254.29
Borrasca Isande,Brewed Awakenings,2014-01-06 12:00:00,16.89
Borrasca Isande,Brewed Awakenings,2014-01-07 12:00:00,11.59
Borrasca Isande,Brewed Awakenings,2014-01-08 12:00:00,12.32
Borrasca Isande,Brewed Awakenings,2014-01-09 12:00:00,13.16
Borrasca Isande,Brewed Awakenings,2014-01-10 12:00:00,6.17
Borrasca Isande,Brewed Awakenings,2014-01-13 12:00:00,16.4
Borrasca Isande,Brewed Awakenings,2014-01-14 12:00:00,8.3
Borrasca Isande,Brewed Awakenings,2014-01-15 12:00:00,11.62
Borrasca Isande,Brewed Awakenings,2014-01-16 12:00:00,6.53
Borrasca Isande,Brewed Awakenings,2014-01-17 12:00:00,8.69
Borrasca Isande,Chostus Hotel,2014-01-08 12:56:00,107.51
Borrasca Isande,Chostus Hotel,2014-01-14 13:17:00,109.54
Borrasca Isande,Chostus Hotel,2014-01-17 13:54:00,119.62
Borrasca Isande,Frydos Autosupply n' More,2014-01-15 19:52:00,18.91
Borrasca Isande,Gelatogalore,2014-01-09 13:23:00,16.74
Borrasca Isande,Guy's Gyros,2014-01-13 13:33:00,27.49
Borrasca Isande,Hippokampos,2014-01-07 21:03:00,21.2
Borrasca Isande,Hippokampos,2014-01-08 19:28:00,16.54
Borrasca Isande,Hippokampos,2014-01-09 20:05:00,15.02
Borrasca Isande,Hippokampos,2014-01-12 20:15:00,29.41
Borrasca Isande,Hippokampos,2014-01-14 21:31:00,22.13
Borrasca Isande,Hippokampos,2014-01-15 13:41:00,22.61
Borrasca Isande,Hippokampos,2014-01-16 13:30:00,10.38
Borrasca Isande,Hippokampos,2014-01-17 20:03:00,8.92
Borrasca Isande,Kalami Kafenion,2014-01-12 13:52:00,26.04
Borrasca Isande,Katerina’s Café,2014-01-11 19:40:00,57.36
Borrasca Isande,Ouzeri Elian,2014-01-06 13:22:00,38.9
Bramar Mat,Abila Zacharo,2014-01-15 14:04:00,26.82
Bramar Mat,Abila Zacharo,2014-01-16 13:48:00,24.38
Bramar Mat,Brew've Been Served,2014-01-06 07:43:00,9.6
Bramar Mat,Brew've Been Served,2014-01-07 08:00:00,11.91
Bramar Mat,Brew've Been Served,2014-01-08 07:42:00,3.09
Bramar Mat,Brew've Been Served,2014-01-10 07:47:00,4.88
Bramar Mat,Brew've Been Served,2014-01-13 07:56:00,9.53
Bramar Mat,Brew've Been Served,2014-01-14 07:45:00,14.04
Bramar Mat,Brew've Been Served,2014-01-15 07:58:00,3.14
Bramar Mat,Brew've Been Served,2014-01-16 07:54:00,3.84
Bramar Mat,Brew've Been Served,2014-01-17 07:50:00,8.07
Bramar Mat,Frydos Autosupply n' More,2014-01-14 21:28:00,49.21
Bramar Mat,Frydos Autosupply n' More,2014-01-15 20:57:00,276.88
Bramar Mat,Frydos Autosupply n' More,2014-01-16 20:54:00,130.01
Bramar Mat,Frydos Autosupply n' More,2014-01-17 19:57:00,124.52
Bramar Mat,Gelatogalore,2014-01-08 14:17:00,39.94
Bramar Mat,Hippokampos,2014-01-06 14:04:00,30.88
Bramar Mat,Hippokampos,2014-01-13 14:21:00,26.96
Bramar Mat,Kalami Kafenion,2014-01-09 13:56:00,19.84
Bramar Mat,Kalami Kafenion,2014-01-14 13:50:00,27.65
Bramar Mat,Katerina’s Café,2014-01-06 21:12:00,26.51
Bramar Mat,Katerina’s Café,2014-01-09 20:06:00,26.6
Bramar Mat,Katerina’s Café,2014-01-11 20:00:00,25.76
Bramar Mat,Katerina’s Café,2014-01-12 20:35:00,40.25
Bramar Mat,Katerina’s Café,2014-01-17 14:15:00,30.72
Bramar Mat,Ouzeri Elian,2014-01-07 13:32:00,28.37
Calixto Nils,Abila Zacharo,2014-01-15 13:22:00,31.0
Calixto Nils,Gelatogalore,2014-01-06 13:41:00,22.64
Calixto Nils,Gelatogalore,2014-01-08 13:42:00,35.29
Calixto Nils,Guy's Gyros,2014-01-09 13:28:00,8.23
Calixto Nils,Guy's Gyros,2014-01-09 13:28:00,13.59
Calixto Nils,Guy's Gyros,2014-01-09 20:23:00,8.23
Calixto Nils,Guy's Gyros,2014-01-09 20:23:00,13.59
Calixto Nils,Guy's Gyros,2014-01-16 13:23:00,31.48
Calixto Nils,Hallowed Grounds,2014-01-07 07:35:00,14.05
Calixto Nils,Hallowed Grounds,2014-01-08 07:55:00,19.92
Calixto Nils,Hallowed Grounds,2014-01-10 07:49:00,10.34
Calixto Nils,Hallowed Grounds,2014-01-13 07:32:00,9.16
Calixto Nils,Hallowed Grounds,2014-01-14 07:35:00,10.75
Calixto Nils,Hallowed Grounds,2014-01-16 07:44:00,13.84
Calixto Nils,Hallowed Grounds,2014-01-17 07:33:00,14.58
Calixto Nils,Hippokampos,2014-01-12 13:54:00,8.54
Calixto Nils,Hippokampos,2014-01-14 13:42:00,18.81
Calixto Nils,Katerina’s Café,2014-01-07 13:33:00,14.75
Calixto Nils,Katerina’s Café,2014-01-07 13:33:00,22.27
Calixto Nils,Katerina’s Café,2014-01-07 20:13:00,14.75
Calixto Nils,Katerina’s Café,2014-01-07 20:13:00,22.27
Calixto Nils,Katerina’s Café,2014-01-08 20:31:00,36.6
Calixto Nils,Katerina’s Café,2014-01-11 19:50:00,12.55
Calixto Nils,Katerina’s Café,2014-01-12 19:18:00,12.64
Calixto Nils,Katerina’s Café,2014-01-13 20:51:00,15.82
Calixto Nils,Katerina’s Café,2014-01-13 20:51:00,37.88
Calixto Nils,Katerina’s Café,2014-01-14 20:09:00,31.8
Calixto Nils,Katerina’s Café,2014-01-16 19:39:00,10.93
Calixto Nils,Katerina’s Café,2014-01-17 20:24:00,32.13
Calixto Nils,Katerina’s Café,2014-01-18 19:30:00,8.14
Calixto Nils,Katerina’s Café,2014-01-19 19:53:00,34.03
Calzas Axel,Albert's Fine Clothing,2014-01-12 19:58:00,63.36
Calzas Axel,Bean There Done That,2014-01-06 12:00:00,8.54
Calzas Axel,Bean There Done That,2014-01-07 12:00:00,13.89
Calzas Axel,Bean There Done That,2014-01-09 12:00:00,4.06
Calzas Axel,Bean There Done That,2014-01-10 12:00:00,13.41
Calzas Axel,Bean There Done That,2014-01-13 12:00:00,19.56
Calzas Axel,Bean There Done That,2014-01-15 12:00:00,13.13
Calzas Axel,Bean There Done That,2014-01-16 12:00:00,5.56
Calzas Axel,Bean There Done That,2014-01-17 12:00:00,19.56
Calzas Axel,Frydos Autosupply n' More,2014-01-18 15:51:00,103.55
Calzas Axel,Gelatogalore,2014-01-14 13:49:00,10.98
Calzas Axel,Guy's Gyros,2014-01-16 14:05:00,32.8
Calzas Axel,Hippokampos,2014-01-06 13:57:00,8.64
Calzas Axel,Hippokampos,2014-01-06 13:57:00,26.8
Calzas Axel,Hippokampos,2014-01-06 20:36:00,8.64
Calzas Axel,Hippokampos,2014-01-06 20:36:00,26.8
Calzas Axel,Hippokampos,2014-01-07 20:01:00,20.17
Calzas Axel,Hippokampos,2014-01-15 13:42:00,16.37
Calzas Axel,Hippokampos,2014-01-15 13:42:00,32.4
Calzas Axel,Hippokampos,2014-01-15 20:24:00,16.37
Calzas Axel,Hippokampos,2014-01-15 20:24:00,32.4
Calzas Axel,Hippokampos,2014-01-17 13:58:00,10.14
Calzas Axel,Hippokampos,2014-01-18 13:21:00,20.11
Calzas Axel,Hippokampos,2014-01-18 20:23:00,20.11
Calzas Axel,Kalami Kafenion,2014-01-07 13:45:00,22.83
Calzas Axel,Katerina’s Café,2014-01-09 14:06:00,8.01
Calzas Axel,Ouzeri Elian,2014-01-10 13:50:00,15.25
Calzas Axel,Ouzeri Elian,2014-01-13 14:06:00,29.75
Calzas Axel,Shoppers' Delight,2014-01-16 20:45:00,100.69
Campo-Corrente Ada,Abila Zacharo,2014-01-17 13:11:00,8.78
Campo-Corrente Ada,Albert's Fine Clothing,2014-01-09 21:27:00,229.98
Campo-Corrente Ada,Brewed Awakenings,2014-01-06 12:00:00,4.35
Campo-Corrente Ada,Brewed Awakenings,2014-01-07 12:00:00,6.72
Campo-Corrente Ada,Brewed Awakenings,2014-01-09 12:00:00,17.66
Campo-Corrente Ada,Brewed Awakenings,2014-01-10 12:00:00,13.9
Campo-Corrente Ada,Brewed Awakenings,2014-01-13 12:00:00,16.25
Campo-Corrente Ada,Brewed Awakenings,2014-01-14 12:00:00,11.35
Campo-Corrente Ada,Brewed Awakenings,2014-01-15 12:00:00,3.62
Campo-Corrente Ada,Brewed Awakenings,2014-01-16 12:00:00,6.39
Campo-Corrente Ada,Brewed Awakenings,2014-01-17 12:00:00,6.0
Campo-Corrente Ada,Desafio Golf Course,2014-01-12 14:14:00,198.46
Campo-Corrente Ada,Desafio Golf Course,2014-01-19 13:51:00,190.91
Campo-Corrente Ada,Gelatogalore,2014-01-07 13:20:00,35.06
Campo-Corrente Ada,Gelatogalore,2014-01-13 13:19:00,26.45
Campo-Corrente Ada,Hippokampos,2014-01-06 21:52:00,20.61
Campo-Corrente Ada,Hippokampos,2014-01-07 21:51:00,22.18
Campo-Corrente Ada,Hippokampos,2014-01-08 13:12:00,15.64
Campo-Corrente Ada,Hippokampos,2014-01-08 13:12:00,26.55
Campo-Corrente Ada,Hippokampos,2014-01-08 20:49:00,15.64
Campo-Corrente Ada,Hippokampos,2014-01-08 20:49:00,26.55
Campo-Corrente Ada,Hippokampos,2014-01-10 20:50:00,17.21
Campo-Corrente Ada,Hippokampos,2014-01-10 20:50:00,30.63
Campo-Corrente Ada,Hippokampos,2014-01-11 19:45:00,63.21
Campo-Corrente Ada,Hippokampos,2014-01-12 19:44:00,26.79
Campo-Corrente Ada,Hippokampos,2014-01-13 21:12:00,31.47
Campo-Corrente Ada,Hippokampos,2014-01-14 20:48:00,23.56
Campo-Corrente Ada,Hippokampos,2014-01-15 13:12:00,36.7
Campo-Corrente Ada,Hippokampos,2014-01-16 13:19:00,17.66
Campo-Corrente Ada,Hippokampos,2014-01-16 20:58:00,17.66
Campo-Corrente Ada,Hippokampos,2014-01-18 19:42:00,63.21
Campo-Corrente Ada,Hippokampos,2014-01-19 19:43:00,48.23
Campo-Corrente Ada,Kalami Kafenion,2014-01-14 13:24:00,15.15
Campo-Corrente Ada,Ouzeri Elian,2014-01-12 13:03:00,38.55
Campo-Corrente Ada,Shoppers' Delight,2014-01-15 20:10:00,102.0
Cazar Gustav,Abila Zacharo,2014-01-13 13:34:00,27.3
Cazar Gustav,Albert's Fine Clothing,2014-01-13 20:42:00,49.48
Cazar Gustav,Albert's Fine Clothing,2014-01-17 19:44:00,39.41
Cazar Gustav,Bean There Done That,2014-01-06 12:00:00,5.24
Cazar Gustav,Bean There Done That,2014-01-07 12:00:00,8.03
Cazar Gustav,Bean There Done That,2014-01-08 12:00:00,14.96
Cazar Gustav,Bean There Done That,2014-01-10 12:00:00,18.67
Cazar Gustav,Bean There Done That,2014-01-13 12:00:00,5.54
Cazar Gustav,Bean There Done That,2014-01-14 12:00:00,7.82
Cazar Gustav,Bean There Done That,2014-01-15 12:00:00,18.96
Cazar Gustav,Bean There Done That,2014-01-17 12:00:00,18.72
Cazar Gustav,Frydos Autosupply n' More,2014-01-09 20:21:00,60.65
Cazar Gustav,Guy's Gyros,2014-01-10 13:52:00,31.05
Cazar Gustav,Hippokampos,2014-01-06 20:20:00,35.34
Cazar Gustav,Hippokampos,2014-01-07 20:34:00,10.19
Cazar Gustav,Hippokampos,2014-01-08 13:31:00,37.89
Cazar Gustav,Hippokampos,2014-01-09 13:37:00,9.12
Cazar Gustav,Hippokampos,2014-01-12 19:22:00,27.15
Cazar Gustav,Hippokampos,2014-01-15 20:23:00,10.35
Cazar Gustav,Hippokampos,2014-01-16 13:43:00,14.89
Cazar Gustav,Hippokampos,2014-01-16 13:43:00,29.13
Cazar Gustav,Hippokampos,2014-01-16 20:13:00,14.89
Cazar Gustav,Hippokampos,2014-01-16 20:13:00,29.13
Cazar Gustav,Kalami Kafenion,2014-01-14 13:51:00,15.27
Cazar Gustav,Kalami Kafenion,2014-01-18 13:58:00,24.14
Cazar Gustav,Katerina’s Café,2014-01-11 13:50:00,23.45
Cazar Gustav,Katerina’s Café,2014-01-17 13:48:00,13.11
Cazar Gustav,Ouzeri Elian,2014-01-15 13:31:00,36.47
Cocinaro Hideki,Abila Zacharo,2014-01-06 14:05:00,18.11
Cocinaro Hideki,General Grocer,2014-01-08 21:00:00,265.84
Cocinaro Hideki,General Grocer,2014-01-17 20:41:00,78.03
Cocinaro Hideki,Guy's Gyros,2014-01-06 20:28:00,15.29
Cocinaro Hideki,Guy's Gyros,2014-01-12 19:26:00,42.32
Cocinaro Hideki,Guy's Gyros,2014-01-13 20:59:00,33.48
Cocinaro Hideki,Guy's Gyros,2014-01-13 20:59:00,37.5
Cocinaro Hideki,Guy's Gyros,2014-01-14 19:59:00,34.26
Cocinaro Hideki,Guy's Gyros,2014-01-16 20:35:00,11.31
Cocinaro Hideki,Guy's Gyros,2014-01-19 20:14:00,36.87
Cocinaro Hideki,Hallowed Grounds,2014-01-06 07:34:00,12.22
Cocinaro Hideki,Hallowed Grounds,2014-01-07 07:48:00,18.97
Cocinaro Hideki,Hallowed Grounds,2014-01-09 07:42:00,16.77
Cocinaro Hideki,Hallowed Grounds,2014-01-10 07:50:00,10.76
Cocinaro Hideki,Hallowed Grounds,2014-01-13 07:54:00,19.18
Cocinaro Hideki,Hallowed Grounds,2014-01-14 07:45:00,13.0
Cocinaro Hideki,Hallowed Grounds,2014-01-15 07:44:00,12.17
Cocinaro Hideki,Hallowed Grounds,2014-01-16 07:44:00,18.2
Cocinaro Hideki,Kalami Kafenion,2014-01-07 13:46:00,22.14
Cocinaro Hideki,Kalami Kafenion,2014-01-11 14:16:00,39.36
Cocinaro Hideki,Kalami Kafenion,2014-01-11 20:30:00,39.36
Cocinaro Hideki,Kalami Kafenion,2014-01-17 13:58:00,27.73
Cocinaro Hideki,Katerina’s Café,2014-01-10 14:08:00,37.62
Cocinaro Hideki,Ouzeri Elian,2014-01-09 14:04:00,32.89
Cocinaro Hideki,Ouzeri Elian,2014-01-14 13:51:00,22.3
Cocinaro Hideki,Ouzeri Elian,2014-01-15 13:42:00,22.86
Coginian Dante,Brew've Been Served,2014-01-06 08:17:00,15.39
Coginian Dante,Brew've Been Served,2014-01-07 07:58:00,17.4
Coginian Dante,Brew've Been Served,2014-01-08 08:01:00,3.92
Coginian Dante,Brew've Been Served,2014-01-09 07:56:00,18.25
Coginian Dante,Brew've Been Served,2014-01-13 08:23:00,19.89
Coginian Dante,Brew've Been Served,2014-01-14 07:53:00,9.53
Coginian Dante,Brew've Been Served,2014-01-15 08:06:00,3.47
Coginian Dante,Frydos Autosupply n' More,2014-01-06 20:12:00,80.85
Coginian Dante,Frydos Autosupply n' More,2014-01-10 20:02:00,43.65
Coginian Dante,Frydos Autosupply n' More,2014-01-12 20:43:00,161.96
Coginian Dante,Gelatogalore,2014-01-10 14:11:00,32.19
Coginian Dante,Gelatogalore,2014-01-13 14:00:00,36.24
Coginian Dante,Guy's Gyros,2014-01-09 14:09:00,27.69
Coginian Dante,Guy's Gyros,2014-01-15 13:46:00,16.58
Coginian Dante,Guy's Gyros,2014-01-17 14:00:00,15.12
Coginian Dante,Hippokampos,2014-01-06 13:58:00,38.25
Coginian Dante,Hippokampos,2014-01-14 14:16:00,16.73
Coginian Dante,Kalami Kafenion,2014-01-08 13:42:00,22.49
Coginian Dante,Kalami Kafenion,2014-01-16 13:45:00,9.27
Coginian Dante,Kalami Kafenion,2014-01-18 14:02:00,42.73
Coginian Dante,Katerina’s Café,2014-01-07 13:57:00,25.02
Coginian Dante,Katerina’s Café,2014-01-07 13:57:00,37.44
Coginian Dante,Katerina’s Café,2014-01-07 20:13:00,25.02
Coginian Dante,Katerina’s Café,2014-01-07 20:13:00,37.44
Coginian Dante,Katerina’s Café,2014-01-08 20:35:00,16.93
Coginian Dante,Katerina’s Café,2014-01-09 20:22:00,29.82
Coginian Dante,Katerina’s Café,2014-01-11 20:06:00,52.45
Coginian Dante,Katerina’s Café,2014-01-14 20:42:00,26.61
Coginian Dante,Katerina’s Café,2014-01-15 20:26:00,21.61
Coginian Dante,Katerina’s Café,2014-01-16 20:39:00,30.56
Coginian Dante,Katerina’s Café,2014-01-17 20:19:00,36.12
Dedos Lidelse,Abila Zacharo,2014-01-09 13:40:00,20.73
Dedos Lidelse,Abila Zacharo,2014-01-10 13:59:00,8.22
Dedos Lidelse,Bean There Done That,2014-01-13 12:00:00,10.37
Dedos Lidelse,Frydos Autosupply n' More,2014-01-16 19:45:00,53.37
Dedos Lidelse,Frydos Autosupply n' More,2014-01-18 15:32:00,281.54
Dedos Lidelse,Gelatogalore,2014-01-07 13:52:00,31.77
Dedos Lidelse,Gelatogalore,2014-01-16 13:48:00,32.4
Dedos Lidelse,Guy's Gyros,2014-01-08 13:51:00,15.86
Dedos Lidelse,Guy's Gyros,2014-01-14 13:44:00,16.35
Dedos Lidelse,Guy's Gyros,2014-01-18 13:28:00,27.4
Dedos Lidelse,Hallowed Grounds,2014-01-06 08:01:00,10.07
Dedos Lidelse,Hallowed Grounds,2014-01-08 07:39:00,8.15
Dedos Lidelse,Hallowed Grounds,2014-01-10 07:41:00,12.03
Dedos Lidelse,Hallowed Grounds,2014-01-14 07:54:00,19.99
Dedos Lidelse,Hallowed Grounds,2014-01-16 07:54:00,7.22
Dedos Lidelse,Hallowed Grounds,2014-01-17 07:52:00,18.6
Dedos Lidelse,Hippokampos,2014-01-12 14:04:00,12.57
Dedos Lidelse,Kalami Kafenion,2014-01-15 13:35:00,26.17
Dedos Lidelse,Kalami Kafenion,2014-01-17 13:51:00,20.02
Dedos Lidelse,Katerina’s Café,2014-01-06 13:50:00,12.32
Dedos Lidelse,Katerina’s Café,2014-01-06 13:50:00,13.59
Dedos Lidelse,Katerina’s Café,2014-01-06 20:08:00,12.32
Dedos Lidelse,Katerina’s Café,2014-01-06 20:08:00,13.59
Dedos Lidelse,Katerina’s Café,2014-01-08 21:09:00,27.87
Dedos Lidelse,Katerina’s Café,2014-01-11 20:46:00,17.6
Dedos Lidelse,Katerina’s Café,2014-01-12 20:48:00,27.09
Dedos Lidelse,Katerina’s Café,2014-01-13 13:40:00,8.29
Dedos Lidelse,Katerina’s Café,2014-01-13 13:40:00,27.59
Dedos Lidelse,Katerina’s Café,2014-01-13 21:00:00,8.29
Dedos Lidelse,Katerina’s Café,2014-01-13 21:00:00,27.59
Dedos Lidelse,Katerina’s Café,2014-01-14 20:26:00,12.65
Dedos Lidelse,Katerina’s Café,2014-01-18 19:31:00,22.74
Dedos Lidelse,Katerina’s Café,2014-01-19 20:05:00,33.79
Ferro Inga,Abila Zacharo,2014-01-07 13:55:00,25.9
Ferro Inga,Abila Zacharo,2014-01-09 14:15:00,14.37
Ferro Inga,Abila Zacharo,2014-01-10 14:03:00,36.38
Ferro Inga,Abila Zacharo,2014-01-13 13:51:00,17.41
Ferro Inga,Albert's Fine Clothing,2014-01-16 20:25:00,91.71
Ferro Inga,Brew've Been Served,2014-01-06 07:59:00,8.88
Ferro Inga,Brew've Been Served,2014-01-08 08:01:00,17.13
Ferro Inga,Brew've Been Served,2014-01-10 08:09:00,3.03
Ferro Inga,Brew've Been Served,2014-01-13 08:22:00,6.69
Ferro Inga,Brew've Been Served,2014-01-14 07:58:00,11.94
Ferro Inga,Brew've Been Served,2014-01-15 07:48:00,6.58
Ferro Inga,Brew've Been Served,2014-01-16 08:19:00,16.9
Ferro Inga,Brew've Been Served,2014-01-17 08:22:00,15.46
Ferro Inga,Gelatogalore,2014-01-06 14:00:00,23.41
Ferro Inga,Gelatogalore,2014-01-08 13:48:00,36.72
Ferro Inga,Gelatogalore,2014-01-15 13:58:00,39.4
Ferro Inga,Gelatogalore,2014-01-17 13:51:00,34.59
Ferro Inga,General Grocer,2014-01-15 19:56:00,106.2
Ferro Inga,Guy's Gyros,2014-01-06 20:24:00,28.94
Ferro Inga,Guy's Gyros,2014-01-07 19:45:00,14.87
Ferro Inga,Guy's Gyros,2014-01-13 20:18:00,15.84
Ferro Inga,Guy's Gyros,2014-01-14 20:29:00,25.28
Ferro Inga,Guy's Gyros,2014-01-16 13:42:00,29.7
Ferro Inga,Guy's Gyros,2014-01-17 20:21:00,8.31
Ferro Inga,Kalami Kafenion,2014-01-11 19:17:00,23.86
Ferro Inga,Katerina’s Café,2014-01-14 13:58:00,33.54
Ferro Inga,Katerina’s Café,2014-01-18 14:06:00,37.21
Ferro Inga,Katerina’s Café,2014-01-18 20:15:00,37.21
Ferro Inga,Ouzeri Elian,2014-01-12 13:28:00,24.72
Ferro Inga,Shoppers' Delight,2014-01-10 20:17:00,279.53
Ferro Inga,Shoppers' Delight,2014-01-12 15:32:00,204.37
Flecha Sven,Ahaggo Museum,2014-01-18 14:55:00,120.2
Flecha Sven,Brew've Been Served,2014-01-06 07:37:00,4.24
Flecha Sven,Brew've Been Served,2014-01-07 07:27:00,5.08
Flecha Sven,Brew've Been Served,2014-01-08 08:01:00,3.42
Flecha Sven,Brew've Been Served,2014-01-09 07:48:00,5.3
Flecha Sven,Brew've Been Served,2014-01-10 07:54:00,3.44
Flecha Sven,Brew've Been Served,2014-01-13 07:38:00,8.04
Flecha Sven,Brew've Been Served,2014-01-14 07:53:00,8.24
Flecha Sven,Brew've Been Served,2014-01-15 07:34:00,3.71
Flecha Sven,Brew've Been Served,2014-01-16 07:50:00,7.31
Flecha Sven,Brew've Been Served,2014-01-17 07:29:00,12.56
Flecha Sven,Frydos Autosupply n' More,2014-01-10 20:15:00,217.08
Flecha Sven,Gelatogalore,2014-01-14 13:32:00,27.26
Flecha Sven,Guy's Gyros,2014-01-06 13:30:00,16.92
Flecha Sven,Guy's Gyros,2014-01-06 13:30:00,39.29
Flecha Sven,Guy's Gyros,2014-01-06 19:18:00,16.92
Flecha Sven,Guy's Gyros,2014-01-06 19:18:00,39.29
Flecha Sven,Guy's Gyros,2014-01-07 20:10:00,22.25
Flecha Sven,Guy's Gyros,2014-01-08 13:32:00,28.81
Flecha Sven,Guy's Gyros,2014-01-08 13:32:00,30.12
Flecha Sven,Guy's Gyros,2014-01-08 20:07:00,28.81
Flecha Sven,Guy's Gyros,2014-01-08 20:07:00,30.12
Flecha Sven,Guy's Gyros,2014-01-09 20:39:00,35.05
Flecha Sven,Guy's Gyros,2014-01-10 13:38:00,26.68
Flecha Sven,Guy's Gyros,2014-01-11 20:06:00,33.65
Flecha Sven,Guy's Gyros,2014-01-13 20:15:00,36.89
Flecha Sven,Guy's Gyros,2014-01-14 20:19:00,12.96
Flecha Sven,Guy's Gyros,2014-01-16 19:04:00,25.57
Flecha Sven,Guy's Gyros,2014-01-18 13:27:00,31.48
Flecha Sven,Guy's Gyros,2014-01-19 19:45:00,65.21
Flecha Sven,Hippokampos,2014-01-13 13:50:00,31.97
Flecha Sven,Kalami Kafenion,2014-01-09 13:38:00,18.14
Flecha Sven,Kalami Kafenion,2014-01-16 13:49:00,8.86
Flecha Sven,Ouzeri Elian,2014-01-19 14:08:00,45.32
Flecha Sven,Shoppers' Delight,2014-01-12 19:26:00,211.03
Flecha Sven,Shoppers' Delight,2014-01-17 20:05:00,155.01
Forluniau Carla,Abila Zacharo,2014-01-06 13:18:00,26.93
Forluniau Carla,Abila Zacharo,2014-01-07 13:44:00,32.4
Forluniau Carla,Coffee Cameleon,2014-01-07 08:01:00,12.44
Forluniau Carla,Coffee Cameleon,2014-01-08 08:22:00,16.17
Forluniau Carla,Coffee Cameleon,2014-01-10 07:54:00,9.69
Forluniau Carla,Coffee Cameleon,2014-01-13 07:55:00,17.49
Forluniau Carla,Coffee Cameleon,2014-01-14 07:52:00,11.67
Forluniau Carla,Coffee Cameleon,2014-01-15 08:05:00,16.31
Forluniau Carla,Coffee Cameleon,2014-01-16 08:03:00,3.14
Forluniau Carla,Coffee Cameleon,2014-01-17 08:07:00,7.49
Forluniau Carla,Frydos Autosupply n' More,2014-01-08 20:07:00,214.07
Forluniau Carla,Frydos Autosupply n' More,2014-01-13 21:11:00,202.05
Forluniau Carla,Gelatogalore,2014-01-08 13:47:00,22.27
Forluniau Carla,Hippokampos,2014-01-09 13:29:00,27.47
Forluniau Carla,Hippokampos,2014-01-17 13:16:00,38.21
Forluniau Carla,Katerina’s Café,2014-01-10 13:38:00,21.22
Forluniau Carla,Katerina’s Café,2014-01-11 13:23:00,45.21
Forluniau Carla,Katerina’s Café,2014-01-11 13:23:00,94.68
Forluniau Carla,Katerina’s Café,2014-01-11 20:24:00,45.21
Forluniau Carla,Katerina’s Café,2014-01-11 20:24:00,94.68
Forluniau Carla,Katerina’s Café,2014-01-13 13:23:00,38.98
Forluniau Carla,Katerina’s Café,2014-01-15 13:17:00,28.56
Forluniau Carla,Katerina’s Café,2014-01-15 13:17:00,29.66
Forluniau Carla,Katerina’s Café,2014-01-15 20:29:00,28.56
Forluniau Carla,Katerina’s Café,2014-01-15 20:29:00,29.66
Forluniau Carla,Katerina’s Café,2014-01-16 20:25:00,35.43
Forluniau Carla,Katerina’s Café,2014-01-18 19:56:00,32.68
Forluniau Carla,Ouzeri Elian,2014-01-16 14:00:00,8.52
Forluniau Carla,Shoppers' Delight,2014-01-11 15:20:00,238.52
Frente Birgitta,Abila Zacharo,2014-01-08 13:53:00,16.2
Frente Birgitta,Bean There Done That,2014-01-13 12:00:00,15.24
Frente Birgitta,Gelatogalore,2014-01-11 13:35:00,17.31
Frente Birgitta,Guy's Gyros,2014-01-07 14:09:00,12.57
Frente Birgitta,Guy's Gyros,2014-01-09 13:44:00,15.0
Frente Birgitta,Guy's Gyros,2014-01-14 13:49:00,38.26
Frente Birgitta,Guy's Gyros,2014-01-15 14:00:00,25.58
Frente Birgitta,Guy's Gyros,2014-01-18 14:05:00,47.89
Frente Birgitta,Hallowed Grounds,2014-01-06 07:36:00,16.72
Frente Birgitta,Hallowed Grounds,2014-01-07 08:01:00,9.92
Frente Birgitta,Hallowed Grounds,2014-01-08 07:43:00,3.4
Frente Birgitta,Hallowed Grounds,2014-01-09 07:57:00,18.48
Frente Birgitta,Hallowed Grounds,2014-01-10 07:41:00,8.34
Frente Birgitta,Hallowed Grounds,2014-01-14 07:54:00,10.21
Frente Birgitta,Hallowed Grounds,2014-01-15 07:36:00,5.28
Frente Birgitta,Hallowed Grounds,2014-01-16 07:51:00,4.98
Frente Birgitta,Hallowed Grounds,2014-01-17 07:39:00,15.98
Frente Birgitta,Hippokampos,2014-01-13 14:04:00,25.09
Frente Birgitta,Hippokampos,2014-01-16 13:48:00,29.93
Frente Birgitta,Hippokampos,2014-01-17 13:52:00,28.35
Frente Birgitta,Katerina’s Café,2014-01-06 13:50:00,32.64
Frente Birgitta,Katerina’s Café,2014-01-06 21:03:00,32.64
Frente Birgitta,Katerina’s Café,2014-01-07 20:33:00,17.26
Frente Birgitta,Katerina’s Café,2014-01-11 19:08:00,55.67
Frente Birgitta,Katerina’s Café,2014-01-14 21:10:00,18.35
Frente Birgitta,Katerina’s Café,2014-01-15 20:05:00,11.45
Frente Birgitta,Katerina’s Café,2014-01-16 20:23:00,13.91
Frente Birgitta,Katerina’s Café,2014-01-19 20:22:00,38.9
Frente Birgitta,Ouzeri Elian,2014-01-10 14:07:00,30.93
Frente Birgitta,Roberts and Sons,2014-01-18 19:20:00,266.69
Frente Vira,Albert's Fine Clothing,2014-01-07 20:04:00,228.36
Frente Vira,Albert's Fine Clothing,2014-01-10 20:11:00,126.13
Frente Vira,Albert's Fine Clothing,2014-01-18 15:20:00,35.66
Frente Vira,Bean There Done That,2014-01-06 12:00:00,4.27
Frente Vira,Bean There Done That,2014-01-07 12:00:00,6.25
Frente Vira,Bean There Done That,2014-01-10 12:00:00,9.3
Frente Vira,Bean There Done That,2014-01-13 12:00:00,18.59
Frente Vira,Bean There Done That,2014-01-14 12:00:00,5.9
Frente Vira,Bean There Done That,2014-01-15 12:00:00,15.24
Frente Vira,Bean There Done That,2014-01-16 12:00:00,17.4
Frente Vira,Bean There Done That,2014-01-17 12:00:00,5.77
Frente Vira,Gelatogalore,2014-01-19 13:09:00,22.36
Frente Vira,General Grocer,2014-01-19 15:03:00,70.22
Frente Vira,Hippokampos,2014-01-06 20:29:00,25.5
Frente Vira,Hippokampos,2014-01-08 20:02:00,32.66
Frente Vira,Hippokampos,2014-01-09 21:01:00,24.96
Frente Vira,Hippokampos,2014-01-12 19:35:00,49.23
Frente Vira,Hippokampos,2014-01-15 21:08:00,21.14
Frente Vira,Hippokampos,2014-01-16 20:42:00,34.0
Frente Vira,Hippokampos,2014-01-18 19:35:00,27.21
Frente Vira,Hippokampos,2014-01-19 19:44:00,46.32
Frente Vira,Kalami Kafenion,2014-01-09 13:27:00,30.76
Frente Vira,Kalami Kafenion,2014-01-15 13:45:00,27.86
Frente Vira,Katerina’s Café,2014-01-08 13:42:00,37.04
Frente Vira,Katerina’s Café,2014-01-10 13:47:00,25.62
Frente Vira,Katerina’s Café,2014-01-11 13:32:00,29.1
Frente Vira,Katerina’s Café,2014-01-14 13:22:00,10.03
Frente Vira,Ouzeri Elian,2014-01-06 13:42:00,20.4
Frente Vira,Ouzeri Elian,2014-01-07 13:34:00,24.84
Frente Vira,Ouzeri Elian,2014-01-18 13:18:00,33.57
Fusil Stenig,Abila Zacharo,2014-01-13 13:20:00,39.95
Fusil Stenig,Abila Zacharo,2014-01-14 13:38:00,8.41
Fusil Stenig,Brew've Been Served,2014-01-06 07:35:00,8.33
Fusil Stenig,Brew've Been Served,2014-01-08 07:48:00,8.27
Fusil Stenig,Brew've Been Served,2014-01-10 07:35:00,15.85
Fusil Stenig,Brew've Been Served,2014-01-13 07:43:00,4.18
Fusil Stenig,Brew've Been Served,2014-01-14 07:53:00,3.66
Fusil Stenig,Brew've Been Served,2014-01-15 07:36:00,15.5
Fusil Stenig,Brew've Been Served,2014-01-16 07:55:00,12.83
Fusil Stenig,Coffee Cameleon,2014-01-17 07:52:00,9.16
Fusil Stenig,Guy's Gyros,2014-01-06 20:15:00,37.82
Fusil Stenig,Guy's Gyros,2014-01-07 13:33:00,11.31
Fusil Stenig,Guy's Gyros,2014-01-09 19:52:00,29.96
Fusil Stenig,Guy's Gyros,2014-01-10 13:25:00,23.61
Fusil Stenig,Guy's Gyros,2014-01-10 13:25:00,26.76
Fusil Stenig,Guy's Gyros,2014-01-10 19:45:00,23.61
Fusil Stenig,Guy's Gyros,2014-01-10 19:45:00,26.76
Fusil Stenig,Guy's Gyros,2014-01-11 19:34:00,55.69
Fusil Stenig,Guy's Gyros,2014-01-15 20:08:00,36.35
Fusil Stenig,Guy's Gyros,2014-01-16 13:44:00,13.48
Fusil Stenig,Guy's Gyros,2014-01-16 13:44:00,30.76
Fusil Stenig,Guy's Gyros,2014-01-16 20:17:00,13.48
Fusil Stenig,Guy's Gyros,2014-01-16 20:17:00,30.76
Fusil Stenig,Guy's Gyros,2014-01-17 19:29:00,19.68
Fusil Stenig,Guy's Gyros,2014-01-19 19:49:00,40.36
Fusil Stenig,Hippokampos,2014-01-17 13:31:00,15.77
Fusil Stenig,Kalami Kafenion,2014-01-08 13:52:00,14.77
Fusil Stenig,Ouzeri Elian,2014-01-06 13:37:00,20.56
Fusil Stenig,Ouzeri Elian,2014-01-09 13:23:00,22.4
Hafon Albina,Abila Airport,2014-01-06 08:23:00,777.06
Hafon Albina,Abila Airport,2014-01-06 08:23:00,4540.08
Hafon Albina,Abila Airport,2014-01-06 15:14:00,777.06
Hafon Albina,Abila Airport,2014-01-06 15:14:00,4540.08
Hafon Albina,Abila Airport,2014-01-13 08:15:00,3617.47
Hafon Albina,Carlyle Chemical Inc.,2014-01-06 11:57:00,3959.66
Hafon Albina,Carlyle Chemical Inc.,2014-01-13 12:00:00,1718.96
Hafon Albina,Kronos Pipe and Irrigation,2014-01-06 09:06:00,242.21
Hafon Albina,Kronos Pipe and Irrigation,2014-01-13 08:58:00,2852.74
Hafon Albina,Maximum Iron and Steel,2014-01-06 10:18:00,2859.51
Hafon Albina,Maximum Iron and Steel,2014-01-13 10:20:00,689.85
Hafon Albina,Ouzeri Elian,2014-01-13 12:55:00,19.82
Hawelon Benito,Abila Airport,2014-01-07 09:17:00,3840.37
Hawelon Benito,Abila Airport,2014-01-09 09:26:00,2358.22
Hawelon Benito,Abila Airport,2014-01-16 09:18:00,1676.53
Hawelon Benito,Nationwide Refinery,2014-01-09 12:49:00,1420.39
Hawelon Benito,Nationwide Refinery,2014-01-14 13:00:00,1301.01
Hawelon Benito,Nationwide Refinery,2014-01-16 12:32:00,2047.28
Hawelon Benito,Stewart and Sons Fabrication,2014-01-07 10:05:00,1200.9
Hawelon Benito,Stewart and Sons Fabrication,2014-01-09 10:38:00,1015.65
Hawelon Benito,Stewart and Sons Fabrication,2014-01-14 11:01:00,540.19
Hawelon Benito,Stewart and Sons Fabrication,2014-01-16 11:06:00,860.3
Hawelon Claudio,Carlyle Chemical Inc.,2014-01-10 09:09:00,227.81
Hawelon Claudio,Nationwide Refinery,2014-01-10 10:40:00,2262.73
Hawelon Claudio,Stewart and Sons Fabrication,2014-01-10 12:10:00,4195.49
Herrero Kanon,Brew've Been Served,2014-01-06 08:16:00,14.97
Herrero Kanon,Brew've Been Served,2014-01-07 07:54:00,11.92
Herrero Kanon,Brew've Been Served,2014-01-08 08:16:00,7.26
Herrero Kanon,Brew've Been Served,2014-01-09 08:14:00,17.64
Herrero Kanon,Brew've Been Served,2014-01-10 08:01:00,5.89
Herrero Kanon,Brew've Been Served,2014-01-13 08:07:00,11.49
Herrero Kanon,Brew've Been Served,2014-01-14 08:03:00,3.21
Herrero Kanon,Brew've Been Served,2014-01-15 07:49:00,11.23
Herrero Kanon,Brew've Been Served,2014-01-16 07:52:00,12.67
Herrero Kanon,Brew've Been Served,2014-01-17 08:23:00,11.04
Herrero Kanon,Guy's Gyros,2014-01-09 20:24:00,18.26
Herrero Kanon,Guy's Gyros,2014-01-13 20:42:00,28.57
Herrero Kanon,Guy's Gyros,2014-01-15 21:05:00,27.01
Herrero Kanon,Shoppers' Delight,2014-01-12 15:24:00,86.22
Herrero Kanon,Shoppers' Delight,2014-01-16 20:50:00,16.84
Herrero Kanon,Shoppers' Delight,2014-01-17 20:21:00,269.33
Lagos Linda,Abila Zacharo,2014-01-14 13:35:00,31.09
Lagos Linda,Brew've Been Served,2014-01-06 08:16:00,11.2
Lagos Linda,Brew've Been Served,2014-01-07 08:09:00,15.66
Lagos Linda,Brew've Been Served,2014-01-08 08:09:00,11.48
Lagos Linda,Brew've Been Served,2014-01-10 08:20:00,14.36
Lagos Linda,Brew've Been Served,2014-01-13 08:00:00,13.37
Lagos Linda,Brew've Been Served,2014-01-14 08:13:00,11.53
Lagos Linda,Brew've Been Served,2014-01-15 07:58:00,5.75
Lagos Linda,Brew've Been Served,2014-01-16 08:23:00,11.21
Lagos Linda,Brew've Been Served,2014-01-17 08:19:00,14.58
Lagos Linda,Frydos Autosupply n' More,2014-01-13 19:59:00,64.6
Lagos Linda,Gelatogalore,2014-01-08 13:27:00,32.79
Lagos Linda,Gelatogalore,2014-01-09 13:35:00,23.23
Lagos Linda,Guy's Gyros,2014-01-10 13:44:00,38.15
Lagos Linda,Guy's Gyros,2014-01-13 13:51:00,21.03
Lagos Linda,Kalami Kafenion,2014-01-15 13:36:00,37.15
Lagos Linda,Kalami Kafenion,2014-01-17 13:53:00,24.21
Lagos Linda,Katerina’s Café,2014-01-06 13:28:00,33.54
Lagos Linda,Katerina’s Café,2014-01-06 13:28:00,38.65
Lagos Linda,Katerina’s Café,2014-01-06 18:56:00,33.54
Lagos Linda,Katerina’s Café,2014-01-06 18:56:00,38.65
Lagos Linda,Katerina’s Café,2014-01-07 20:18:00,31.6
Lagos Linda,Katerina’s Café,2014-01-08 20:00:00,13.83
Lagos Linda,Katerina’s Café,2014-01-10 20:09:00,8.14
Lagos Linda,Katerina’s Café,2014-01-12 20:17:00,16.34
Lagos Linda,Katerina’s Café,2014-01-14 20:50:00,25.4
Lagos Linda,Katerina’s Café,2014-01-15 20:17:00,29.33
Lagos Linda,Katerina’s Café,2014-01-16 18:49:00,13.68
Lagos Linda,Katerina’s Café,2014-01-18 14:00:00,37.26
Lagos Linda,Katerina’s Café,2014-01-18 14:00:00,45.88
Lagos Linda,Katerina’s Café,2014-01-18 20:04:00,37.26
Lagos Linda,Katerina’s Café,2014-01-18 20:04:00,45.88
Lagos Linda,Ouzeri Elian,2014-01-07 13:50:00,21.85
Lagos Varja,Abila Zacharo,2014-01-09 13:24:00,8.16
Lagos Varja,Albert's Fine Clothing,2014-01-14 20:05:00,50.77
Lagos Varja,Brew've Been Served,2014-01-06 07:55:00,3.67
Lagos Varja,Brew've Been Served,2014-01-07 07:55:00,9.06
Lagos Varja,Brew've Been Served,2014-01-08 07:55:00,11.87
Lagos Varja,Brew've Been Served,2014-01-09 08:01:00,12.12
Lagos Varja,Brew've Been Served,2014-01-10 07:45:00,5.01
Lagos Varja,Brew've Been Served,2014-01-13 07:57:00,18.23
Lagos Varja,Brew've Been Served,2014-01-14 07:45:00,10.96
Lagos Varja,Brew've Been Served,2014-01-15 07:58:00,14.06
Lagos Varja,Brew've Been Served,2014-01-16 07:36:00,19.9
Lagos Varja,Brew've Been Served,2014-01-17 08:03:00,13.66
Lagos Varja,Frydos Autosupply n' More,2014-01-09 19:32:00,138.02
Lagos Varja,Frydos Autosupply n' More,2014-01-19 15:26:00,56.09
Lagos Varja,Gelatogalore,2014-01-08 13:39:00,39.75
Lagos Varja,Guy's Gyros,2014-01-06 20:13:00,22.57
Lagos Varja,Guy's Gyros,2014-01-07 19:48:00,31.23
Lagos Varja,Guy's Gyros,2014-01-08 20:15:00,19.08
Lagos Varja,Guy's Gyros,2014-01-15 19:53:00,18.04
Lagos Varja,Guy's Gyros,2014-01-16 19:09:00,8.31
Lagos Varja,Guy's Gyros,2014-01-17 13:21:00,22.18
Lagos Varja,Guy's Gyros,2014-01-17 13:21:00,37.55
Lagos Varja,Guy's Gyros,2014-01-17 20:16:00,22.18
Lagos Varja,Guy's Gyros,2014-01-17 20:16:00,37.55
Lagos Varja,Guy's Gyros,2014-01-18 19:08:00,39.68
Lagos Varja,Guy's Gyros,2014-01-19 19:45:00,58.35
Lagos Varja,Kalami Kafenion,2014-01-06 13:19:00,30.1
Lagos Varja,Kalami Kafenion,2014-01-10 13:30:00,35.69
Lagos Varja,Katerina’s Café,2014-01-07 13:41:00,31.41
Lagos Varja,Katerina’s Café,2014-01-11 13:43:00,71.65
Lagos Varja,Katerina’s Café,2014-01-16 13:27:00,34.02
Lagos Varja,Katerina’s Café,2014-01-18 13:34:00,19.3
Lagos Varja,Ouzeri Elian,2014-01-14 13:40:00,27.32
Lagos Varja,Ouzeri Elian,2014-01-15 13:22:00,12.9
Lagos Varja,Ouzeri Elian,2014-01-19 13:27:00,23.65
Lagos Varja,U-Pump,2014-01-06 17:28:00,59.51
Lais Cornelia,Abila Zacharo,2014-01-17 14:06:00,11.95
Lais Cornelia,Brew've Been Served,2014-01-06 07:38:00,4.17
Lais Cornelia,Brew've Been Served,2014-01-07 07:31:00,12.74
Lais Cornelia,Brew've Been Served,2014-01-08 07:57:00,14.88
Lais Cornelia,Brew've Been Served,2014-01-10 07:55:00,5.91
Lais Cornelia,Brew've Been Served,2014-01-14 07:27:00,14.67
Lais Cornelia,Brew've Been Served,2014-01-15 08:00:00,8.42
Lais Cornelia,Brew've Been Served,2014-01-16 07:33:00,5.05
Lais Cornelia,Brew've Been Served,2014-01-17 07:36:00,11.69
Lais Cornelia,Frydos Autosupply n' More,2014-01-06 20:15:00,175.87
Lais Cornelia,Frydos Autosupply n' More,2014-01-12 19:52:00,88.93
Lais Cornelia,Frydos Autosupply n' More,2014-01-17 21:15:00,67.29
Lais Cornelia,Frydos Autosupply n' More,2014-01-18 15:31:00,103.41
Lais Cornelia,Gelatogalore,2014-01-14 13:57:00,35.97
Lais Cornelia,Guy's Gyros,2014-01-07 20:34:00,23.12
Lais Cornelia,Guy's Gyros,2014-01-09 20:38:00,8.23
Lais Cornelia,Guy's Gyros,2014-01-10 21:13:00,25.81
Lais Cornelia,Guy's Gyros,2014-01-11 19:57:00,36.2
Lais Cornelia,Guy's Gyros,2014-01-13 21:08:00,19.77
Lais Cornelia,Guy's Gyros,2014-01-14 20:17:00,35.12
Lais Cornelia,Guy's Gyros,2014-01-15 20:06:00,24.91
Lais Cornelia,Guy's Gyros,2014-01-18 19:21:00,28.07
Lais Cornelia,Hippokampos,2014-01-09 13:41:00,19.22
Lais Cornelia,Kalami Kafenion,2014-01-13 13:55:00,20.33
Lais Cornelia,Kalami Kafenion,2014-01-18 13:19:00,30.12
Lais Cornelia,Katerina’s Café,2014-01-16 13:43:00,38.32
Lais Cornelia,Octavio's Office Supplies,2014-01-16 15:58:00,131.01
Lais Cornelia,Ouzeri Elian,2014-01-06 13:48:00,20.74
Lais Cornelia,Ouzeri Elian,2014-01-07 13:42:00,17.71
Lais Cornelia,Ouzeri Elian,2014-01-08 13:47:00,24.92
Lais Cornelia,Ouzeri Elian,2014-01-10 13:57:00,24.74
Lais Cornelia,Ouzeri Elian,2014-01-15 13:40:00,25.7
Mies Haber Ruscella,Abila Zacharo,2014-01-08 13:10:00,22.13
Mies Haber Ruscella,Brew've Been Served,2014-01-06 08:00:00,4.27
Mies Haber Ruscella,Brew've Been Served,2014-01-07 07:50:00,4.39
Mies Haber Ruscella,Brew've Been Served,2014-01-08 07:58:00,8.4
Mies Haber Ruscella,Brew've Been Served,2014-01-14 08:07:00,16.39
Mies Haber Ruscella,Brew've Been Served,2014-01-17 08:12:00,18.15
Mies Haber Ruscella,Frydos Autosupply n' More,2014-01-06 20:47:00,89.3
Mies Haber Ruscella,Frydos Autosupply n' More,2014-01-18 18:51:00,234.53
Mies Haber Ruscella,Gelatogalore,2014-01-09 13:12:00,19.2
Mies Haber Ruscella,Kalami Kafenion,2014-01-06 13:28:00,8.64
Mies Haber Ruscella,Kalami Kafenion,2014-01-07 13:24:00,11.64
Mies Haber Ruscella,Kalami Kafenion,2014-01-10 13:45:00,27.48
Mies Haber Ruscella,Kalami Kafenion,2014-01-14 13:40:00,33.13
Mies Haber Ruscella,Kalami Kafenion,2014-01-15 13:37:00,38.5
Mies Haber Ruscella,Katerina’s Café,2014-01-08 19:32:00,34.25
Mies Haber Ruscella,Katerina’s Café,2014-01-09 20:27:00,13.78
Mies Haber Ruscella,Katerina’s Café,2014-01-10 20:42:00,21.28
Mies Haber Ruscella,Katerina’s Café,2014-01-12 19:43:00,40.94
Mies Haber Ruscella,Katerina’s Café,2014-01-13 20:44:00,33.57
Mies Haber Ruscella,Katerina’s Café,2014-01-14 20:19:00,31.94
Mies Haber Ruscella,Katerina’s Café,2014-01-16 13:27:00,29.3
Mies Haber Ruscella,Katerina’s Café,2014-01-16 13:27:00,39.74
Mies Haber Ruscella,Katerina’s Café,2014-01-16 20:05:00,29.3
Mies Haber Ruscella,Katerina’s Café,2014-01-16 20:05:00,39.74
Mies Haber Ruscella,Katerina’s Café,2014-01-17 21:05:00,33.73
Mies Haber Ruscella,Ouzeri Elian,2014-01-12 13:17:00,98.45
Mies Henk,Abila Airport,2014-01-06 12:16:00,612.47
Mies Henk,Abila Airport,2014-01-06 15:39:00,612.47
Mies Henk,Abila Airport,2014-01-07 12:29:00,124.89
Mies Henk,Abila Airport,2014-01-07 12:29:00,3411.29
Mies Henk,Abila Airport,2014-01-07 15:41:00,124.89
Mies Henk,Abila Airport,2014-01-07 15:41:00,3411.29
Mies Henk,Abila Airport,2014-01-08 12:45:00,2723.18
Mies Henk,Abila Airport,2014-01-08 12:45:00,2769.12
Mies Henk,Abila Airport,2014-01-08 15:29:00,2723.18
Mies Henk,Abila Airport,2014-01-08 15:29:00,2769.12
Mies Henk,Abila Airport,2014-01-09 12:13:00,182.93
Mies Henk,Abila Airport,2014-01-09 12:13:00,4538.52
Mies Henk,Abila Airport,2014-01-09 15:50:00,182.93
Mies Henk,Abila Airport,2014-01-09 15:50:00,4538.52
Mies Henk,Abila Airport,2014-01-13 12:11:00,2228.08
Mies Henk,Abila Airport,2014-01-13 12:11:00,4417.03
Mies Henk,Abila Airport,2014-01-13 16:56:00,2228.08
Mies Henk,Abila Airport,2014-01-13 16:56:00,4417.03
Mies Henk,Abila Airport,2014-01-14 12:30:00,228.41
Mies Henk,Abila Airport,2014-01-14 12:30:00,4898.39
Mies Henk,Abila Airport,2014-01-14 15:32:00,228.41
Mies Henk,Abila Airport,2014-01-14 15:32:00,4898.39
Mies Henk,Abila Airport,2014-01-15 12:25:00,875.87
Mies Henk,Abila Airport,2014-01-15 12:25:00,3152.41
Mies Henk,Abila Airport,2014-01-15 15:40:00,875.87
Mies Henk,Abila Airport,2014-01-15 15:40:00,3152.41
Mies Henk,Abila Airport,2014-01-16 12:40:00,3032.97
Mies Henk,Abila Airport,2014-01-16 12:40:00,3917.3
Mies Minke,Abila Zacharo,2014-01-14 14:03:00,24.87
Mies Minke,Albert's Fine Clothing,2014-01-06 21:03:00,121.76
Mies Minke,Albert's Fine Clothing,2014-01-11 16:01:00,211.47
Mies Minke,Brew've Been Served,2014-01-06 08:06:00,15.58
Mies Minke,Brew've Been Served,2014-01-07 07:52:00,3.0
Mies Minke,Brew've Been Served,2014-01-08 08:18:00,6.3
Mies Minke,Brew've Been Served,2014-01-09 08:00:00,6.21
Mies Minke,Brew've Been Served,2014-01-10 08:17:00,12.64
Mies Minke,Brew've Been Served,2014-01-13 08:04:00,16.05
Mies Minke,Brew've Been Served,2014-01-15 08:01:00,9.7
Mies Minke,Brew've Been Served,2014-01-16 08:09:00,17.44
Mies Minke,Frydos Autosupply n' More,2014-01-14 20:33:00,42.72
Mies Minke,Gelatogalore,2014-01-16 17:07:00,10.62
Mies Minke,General Grocer,2014-01-10 21:28:00,227.28
Mies Minke,Guy's Gyros,2014-01-08 13:57:00,10.34
Mies Minke,Guy's Gyros,2014-01-08 13:57:00,30.48
Mies Minke,Guy's Gyros,2014-01-08 19:48:00,10.34
Mies Minke,Guy's Gyros,2014-01-08 19:48:00,30.48
Mies Minke,Guy's Gyros,2014-01-09 21:09:00,31.31
Mies Minke,Guy's Gyros,2014-01-15 19:55:00,31.04
Mies Minke,Guy's Gyros,2014-01-17 21:07:00,15.4
Mies Minke,Guy's Gyros,2014-01-19 20:30:00,31.94
Mies Minke,Hippokampos,2014-01-09 13:56:00,25.7
Mies Minke,Hippokampos,2014-01-11 13:36:00,23.38
Mies Minke,Hippokampos,2014-01-13 12:27:00,17.17
Mies Minke,Hippokampos,2014-01-15 14:02:00,38.23
Mies Minke,Kalami Kafenion,2014-01-06 13:52:00,22.31
Mies Minke,Kalami Kafenion,2014-01-10 13:53:00,24.3
Mies Minke,Katerina’s Café,2014-01-07 14:07:00,10.9
Mies Minke,Katerina’s Café,2014-01-17 13:53:00,35.52
Mies Minke,Katerina’s Café,2014-01-18 19:32:00,33.41
Mies Minke,Katerina’s Café,2014-01-19 13:53:00,26.76
Mies Minke,Roberts and Sons,2014-01-16 20:25:00,155.76
Morlun Adan,Nationwide Refinery,2014-01-08 09:54:00,4513.16
Morlun Adan,Stewart and Sons Fabrication,2014-01-08 11:28:00,1738.26
Morlun Adan,Stewart and Sons Fabrication,2014-01-15 11:18:00,4485.38
Morlun Valeria,Carlyle Chemical Inc.,2014-01-07 14:34:00,3827.2
Morlun Valeria,Carlyle Chemical Inc.,2014-01-08 09:43:00,4901.88
Morlun Valeria,Carlyle Chemical Inc.,2014-01-08 14:26:00,4901.88
Morlun Valeria,Carlyle Chemical Inc.,2014-01-09 09:54:00,382.43
Morlun Valeria,Carlyle Chemical Inc.,2014-01-09 09:54:00,529.47
Morlun Valeria,Carlyle Chemical Inc.,2014-01-09 09:54:00,2176.2
Morlun Valeria,Carlyle Chemical Inc.,2014-01-09 14:26:00,382.43
Morlun Valeria,Carlyle Chemical Inc.,2014-01-09 14:26:00,529.47
Morlun Valeria,Carlyle Chemical Inc.,2014-01-09 14:26:00,2176.2
Morlun Valeria,Carlyle Chemical Inc.,2014-01-09 16:22:00,382.43
Morlun Valeria,Carlyle Chemical Inc.,2014-01-09 16:22:00,529.47
Morlun Valeria,Carlyle Chemical Inc.,2014-01-09 16:22:00,2176.2
Morlun Valeria,Carlyle Chemical Inc.,2014-01-14 09:34:00,794.88
Morlun Valeria,Carlyle Chemical Inc.,2014-01-14 09:34:00,3470.99
Morlun Valeria,Carlyle Chemical Inc.,2014-01-14 09:34:00,3630.57
Morlun Valeria,Carlyle Chemical Inc.,2014-01-14 14:21:00,794.88
Morlun Valeria,Carlyle Chemical Inc.,2014-01-14 14:21:00,3470.99
Morlun Valeria,Carlyle Chemical Inc.,2014-01-14 14:21:00,3630.57
Morlun Valeria,Carlyle Chemical Inc.,2014-01-14 16:16:00,794.88
Morlun Valeria,Carlyle Chemical Inc.,2014-01-14 16:16:00,3470.99
Morlun Valeria,Carlyle Chemical Inc.,2014-01-14 16:16:00,3630.57
Morlun Valeria,Carlyle Chemical Inc.,2014-01-15 09:34:00,1112.04
Morlun Valeria,Carlyle Chemical Inc.,2014-01-15 09:34:00,1392.73
Morlun Valeria,Carlyle Chemical Inc.,2014-01-15 09:34:00,3608.08
Morlun Valeria,Carlyle Chemical Inc.,2014-01-15 14:25:00,1112.04
Morlun Valeria,Carlyle Chemical Inc.,2014-01-15 14:25:00,1392.73
Morlun Valeria,Carlyle Chemical Inc.,2014-01-15 14:25:00,3608.08
Morlun Valeria,Carlyle Chemical Inc.,2014-01-15 17:01:00,1112.04
Morlun Valeria,Carlyle Chemical Inc.,2014-01-15 17:01:00,1392.73
Morlun Valeria,Carlyle Chemical Inc.,2014-01-15 17:01:00,3608.08
Morlun Valeria,Carlyle Chemical Inc.,2014-01-16 09:52:00,419.93
Morlun Valeria,Carlyle Chemical Inc.,2014-01-16 09:52:00,1814.24
Morlun Valeria,Carlyle Chemical Inc.,2014-01-16 17:17:00,419.93
Morlun Valeria,Carlyle Chemical Inc.,2014-01-16 17:17:00,1814.24
Morlun Valeria,Katerina’s Café,2014-01-07 13:08:00,19.07
Morlun Valeria,Katerina’s Café,2014-01-08 13:19:00,29.26
Morlun Valeria,Katerina’s Café,2014-01-09 13:23:00,16.98
Morlun Valeria,Katerina’s Café,2014-01-15 13:13:00,24.15
Morlun Valeria,Katerina’s Café,2014-01-16 13:23:00,34.9
Morlun Valeria,Nationwide Refinery,2014-01-07 11:39:00,1562.66
Morlun Valeria,Nationwide Refinery,2014-01-09 11:34:00,289.3
Morlun Valeria,Nationwide Refinery,2014-01-14 11:45:00,570.95
Morlun Valeria,Nationwide Refinery,2014-01-15 11:55:00,3004.98
Morlun Valeria,Nationwide Refinery,2014-01-16 11:25:00,4742.67
Morluniau Cecilia,Nationwide Refinery,2014-01-06 10:02:00,761.64
Morluniau Cecilia,Nationwide Refinery,2014-01-07 10:11:00,1347.36
Morluniau Cecilia,Nationwide Refinery,2014-01-08 10:14:00,3674.32
Morluniau Cecilia,Nationwide Refinery,2014-01-09 10:16:00,674.28
Morluniau Cecilia,Nationwide Refinery,2014-01-10 10:00:00,1552.82
Morluniau Cecilia,Nationwide Refinery,2014-01-13 10:12:00,204.58
Morluniau Cecilia,Nationwide Refinery,2014-01-14 10:03:00,965.72
Morluniau Cecilia,Nationwide Refinery,2014-01-15 10:14:00,1391.24
Morluniau Cecilia,Nationwide Refinery,2014-01-16 10:16:00,1494.44
Morluniau Cecilia,Stewart and Sons Fabrication,2014-01-06 11:33:00,2144.62
Morluniau Cecilia,Stewart and Sons Fabrication,2014-01-07 11:31:00,1783.33
Morluniau Cecilia,Stewart and Sons Fabrication,2014-01-08 11:58:00,1673.77
Morluniau Cecilia,Stewart and Sons Fabrication,2014-01-09 11:37:00,3544.0
Morluniau Cecilia,Stewart and Sons Fabrication,2014-01-10 11:49:00,4074.1
Morluniau Cecilia,Stewart and Sons Fabrication,2014-01-14 11:55:00,278.52
Morluniau Cecilia,Stewart and Sons Fabrication,2014-01-16 11:45:00,4543.31
Morluniau Cecilia,Stewart and Sons Fabrication,2014-01-17 11:32:00,1753.17
Nant Irene,Carlyle Chemical Inc.,2014-01-08 13:03:00,4983.52
Nant Irene,Carlyle Chemical Inc.,2014-01-09 11:21:00,732.82
Nant Irene,Kronos Pipe and Irrigation,2014-01-07 14:19:00,3920.82
Nant Irene,Kronos Pipe and Irrigation,2014-01-08 14:09:00,3615.61
Nant Irene,Kronos Pipe and Irrigation,2014-01-09 14:28:00,423.14
Nant Irene,Kronos Pipe and Irrigation,2014-01-15 14:12:00,2564.0
Nant Irene,Maximum Iron and Steel,2014-01-07 15:20:00,3207.31
Nant Irene,Maximum Iron and Steel,2014-01-08 15:18:00,3136.01
Nant Irene,Maximum Iron and Steel,2014-01-09 15:16:00,1527.14
Nant Irene,Maximum Iron and Steel,2014-01-15 15:11:00,4788.22
Nubarron Adra,Abila Zacharo,2014-01-17 13:41:00,14.51
Nubarron Adra,Albert's Fine Clothing,2014-01-12 15:49:00,195.81
Nubarron Adra,Albert's Fine Clothing,2014-01-19 15:39:00,274.66
Nubarron Adra,Coffee Cameleon,2014-01-06 07:54:00,11.86
Nubarron Adra,Coffee Cameleon,2014-01-07 08:00:00,11.55
Nubarron Adra,Coffee Cameleon,2014-01-08 07:59:00,15.71
Nubarron Adra,Coffee Cameleon,2014-01-09 08:03:00,16.13
Nubarron Adra,Coffee Cameleon,2014-01-13 08:12:00,17.76
Nubarron Adra,Coffee Cameleon,2014-01-14 07:56:00,7.84
Nubarron Adra,Coffee Cameleon,2014-01-15 07:45:00,19.93
Nubarron Adra,Frydos Autosupply n' More,2014-01-06 21:23:00,197.32
Nubarron Adra,Guy's Gyros,2014-01-13 13:39:00,37.37
Nubarron Adra,Guy's Gyros,2014-01-15 13:44:00,15.89
Nubarron Adra,Hippokampos,2014-01-12 13:25:00,12.55
Nubarron Adra,Katerina’s Café,2014-01-07 20:11:00,10.07
Nubarron Adra,Katerina’s Café,2014-01-08 13:41:00,26.45
Nubarron Adra,Katerina’s Café,2014-01-08 13:41:00,33.31
Nubarron Adra,Katerina’s Café,2014-01-08 20:27:00,26.45
Nubarron Adra,Katerina’s Café,2014-01-08 20:27:00,33.31
Nubarron Adra,Katerina’s Café,2014-01-10 13:47:00,24.33
Nubarron Adra,Katerina’s Café,2014-01-11 14:17:00,26.02
Nubarron Adra,Katerina’s Café,2014-01-11 14:17:00,33.18
Nubarron Adra,Katerina’s Café,2014-01-11 19:31:00,26.02
Nubarron Adra,Katerina’s Café,2014-01-11 19:31:00,33.18
Nubarron Adra,Katerina’s Café,2014-01-13 20:24:00,35.7
Nubarron Adra,Katerina’s Café,2014-01-16 20:36:00,19.44
Nubarron Adra,Katerina’s Café,2014-01-17 20:58:00,38.21
Nubarron Adra,Ouzeri Elian,2014-01-07 13:29:00,29.1
Nubarron Adra,Shoppers' Delight,2014-01-19 19:56:00,30.39
Onda Marin,Abila Zacharo,2014-01-10 13:36:00,36.73
Onda Marin,Abila Zacharo,2014-01-11 13:32:00,54.82
Onda Marin,Abila Zacharo,2014-01-14 13:37:00,10.24
Onda Marin,Frydos Autosupply n' More,2014-01-06 21:32:00,274.98
Onda Marin,Guy's Gyros,2014-01-06 13:39:00,11.22
Onda Marin,Hallowed Grounds,2014-01-07 07:47:00,7.88
Onda Marin,Hallowed Grounds,2014-01-09 07:37:00,17.56
Onda Marin,Hallowed Grounds,2014-01-10 07:41:00,11.49
Onda Marin,Hallowed Grounds,2014-01-14 07:42:00,4.59
Onda Marin,Hallowed Grounds,2014-01-17 07:31:00,3.25
Onda Marin,Hippokampos,2014-01-09 13:51:00,13.84
Onda Marin,Katerina’s Café,2014-01-07 21:19:00,18.35
Onda Marin,Katerina’s Café,2014-01-08 13:34:00,31.59
Onda Marin,Katerina’s Café,2014-01-08 20:08:00,31.59
Onda Marin,Katerina’s Café,2014-01-09 21:18:00,8.57
Onda Marin,Katerina’s Café,2014-01-11 19:51:00,45.68
Onda Marin,Katerina’s Café,2014-01-13 20:33:00,11.36
Onda Marin,Katerina’s Café,2014-01-15 14:00:00,12.12
Onda Marin,Katerina’s Café,2014-01-15 14:00:00,39.63
Onda Marin,Katerina’s Café,2014-01-15 20:23:00,12.12
Onda Marin,Katerina’s Café,2014-01-15 20:23:00,39.63
Onda Marin,Katerina’s Café,2014-01-17 20:07:00,21.22
Onda Marin,Katerina’s Café,2014-01-18 19:54:00,33.63
Onda Marin,Ouzeri Elian,2014-01-12 13:30:00,72.32
Onda Marin,Ouzeri Elian,2014-01-13 13:48:00,8.32
Onda Marin,Shoppers' Delight,2014-01-12 15:10:00,135.78
Orilla Elsa,Ahaggo Museum,2014-01-19 13:26:00,26.91
Orilla Elsa,Frydos Autosupply n' More,2014-01-06 19:50:00,253.87
Orilla Elsa,Jack's Magical Beans,2014-01-06 12:00:00,18.59
Orilla Elsa,Jack's Magical Beans,2014-01-07 12:00:00,18.77
Orilla Elsa,Jack's Magical Beans,2014-01-08 12:00:00,18.78
Orilla Elsa,Jack's Magical Beans,2014-01-10 12:00:00,16.29
Orilla Elsa,Jack's Magical Beans,2014-01-13 12:00:00,5.22
Orilla Elsa,Jack's Magical Beans,2014-01-14 12:00:00,3.36
Orilla Elsa,Jack's Magical Beans,2014-01-15 12:00:00,5.3
Orilla Elsa,Jack's Magical Beans,2014-01-16 12:00:00,14.86
Orilla Elsa,Jack's Magical Beans,2014-01-17 12:00:00,19.11
Orilla Elsa,Kalami Kafenion,2014-01-10 13:35:00,101.5
Orilla Elsa,Ouzeri Elian,2014-01-07 20:15:00,11.41
Orilla Elsa,Ouzeri Elian,2014-01-15 19:18:00,28.86
Orilla Elsa,Ouzeri Elian,2014-01-16 21:16:00,29.99
Orilla Elsa,Ouzeri Elian,2014-01-17 20:07:00,10.21
Orilla Kare,Abila Zacharo,2014-01-10 14:01:00,16.12
Orilla Kare,Abila Zacharo,2014-01-15 14:02:00,24.53
Orilla Kare,Gelatogalore,2014-01-06 13:52:00,36.33
Orilla Kare,Gelatogalore,2014-01-17 13:57:00,21.62
Orilla Kare,Hallowed Grounds,2014-01-06 07:48:00,10.66
Orilla Kare,Hallowed Grounds,2014-01-07 07:50:00,9.61
Orilla Kare,Hallowed Grounds,2014-01-08 07:47:00,3.11
Orilla Kare,Hallowed Grounds,2014-01-13 07:43:00,13.68
Orilla Kare,Hallowed Grounds,2014-01-15 07:59:00,14.33
Orilla Kare,Hallowed Grounds,2014-01-16 07:44:00,17.74
Orilla Kare,Hallowed Grounds,2014-01-17 08:03:00,18.22
Orilla Kare,Hippokampos,2014-01-07 14:00:00,16.11
Orilla Kare,Kalami Kafenion,2014-01-08 13:45:00,23.82
Orilla Kare,Kalami Kafenion,2014-01-12 13:55:00,14.59
Orilla Kare,Kalami Kafenion,2014-01-14 13:42:00,23.1
Orilla Kare,Kalami Kafenion,2014-01-16 13:48:00,11.83
Orilla Kare,Katerina’s Café,2014-01-06 20:59:00,26.1
Orilla Kare,Katerina’s Café,2014-01-07 20:47:00,32.83
Orilla Kare,Katerina’s Café,2014-01-09 20:08:00,19.02
Orilla Kare,Katerina’s Café,2014-01-13 13:48:00,24.26
Orilla Kare,Katerina’s Café,2014-01-14 20:34:00,11.89
Orilla Kare,Katerina’s Café,2014-01-15 19:50:00,39.23
Orilla Kare,Katerina’s Café,2014-01-16 20:51:00,34.58
Orilla Kare,Katerina’s Café,2014-01-17 19:24:00,22.18
Osvaldo Hennie,Abila Zacharo,2014-01-06 13:54:00,23.15
Osvaldo Hennie,Abila Zacharo,2014-01-14 13:35:00,15.26
Osvaldo Hennie,Brew've Been Served,2014-01-06 07:52:00,12.83
Osvaldo Hennie,Brew've Been Served,2014-01-07 08:02:00,14.49
Osvaldo Hennie,Brew've Been Served,2014-01-08 07:50:00,13.68
Osvaldo Hennie,Brew've Been Served,2014-01-10 07:48:00,13.32
Osvaldo Hennie,Brew've Been Served,2014-01-14 07:45:00,16.53
Osvaldo Hennie,Brew've Been Served,2014-01-15 07:45:00,11.47
Osvaldo Hennie,Brew've Been Served,2014-01-17 08:04:00,16.62
Osvaldo Hennie,Frydos Autosupply n' More,2014-01-19 19:45:00,98.04
Osvaldo Hennie,Gelatogalore,2014-01-07 13:39:00,17.21
Osvaldo Hennie,Gelatogalore,2014-01-08 13:28:00,20.72
Osvaldo Hennie,Gelatogalore,2014-01-09 13:40:00,11.94
Osvaldo Hennie,Gelatogalore,2014-01-16 13:37:00,22.19
Osvaldo Hennie,Hallowed Grounds,2014-01-09 07:57:00,10.25
Osvaldo Hennie,Hallowed Grounds,2014-01-13 07:44:00,5.85
Osvaldo Hennie,Hallowed Grounds,2014-01-16 08:03:00,12.61
Osvaldo Hennie,Katerina’s Café,2014-01-06 20:29:00,17.92
Osvaldo Hennie,Katerina’s Café,2014-01-07 21:01:00,33.29
Osvaldo Hennie,Katerina’s Café,2014-01-10 20:08:00,15.76
Osvaldo Hennie,Katerina’s Café,2014-01-11 20:13:00,9.78
Osvaldo Hennie,Katerina’s Café,2014-01-12 20:12:00,15.37
Osvaldo Hennie,Katerina’s Café,2014-01-13 13:36:00,33.11
Osvaldo Hennie,Katerina’s Café,2014-01-13 21:16:00,33.11
Osvaldo Hennie,Katerina’s Café,2014-01-16 20:28:00,10.84
Osvaldo Hennie,Katerina’s Café,2014-01-17 21:06:00,27.49
Osvaldo Hennie,Ouzeri Elian,2014-01-10 13:44:00,20.46
Osvaldo Hennie,Roberts and Sons,2014-01-14 21:14:00,203.81
Ovan Bertrand,Abila Zacharo,2014-01-15 13:58:00,33.8
Ovan Bertrand,Abila Zacharo,2014-01-16 13:27:00,31.31
Ovan Bertrand,Coffee Cameleon,2014-01-06 07:49:00,8.39
Ovan Bertrand,Coffee Cameleon,2014-01-07 07:46:00,9.1
Ovan Bertrand,Coffee Cameleon,2014-01-08 07:52:00,12.26
Ovan Bertrand,Coffee Cameleon,2014-01-09 07:37:00,19.99
Ovan Bertrand,Coffee Cameleon,2014-01-10 07:47:00,11.54
Ovan Bertrand,Coffee Cameleon,2014-01-13 07:40:00,19.93
Ovan Bertrand,Coffee Cameleon,2014-01-14 07:37:00,9.8
Ovan Bertrand,Coffee Cameleon,2014-01-15 07:51:00,14.47
Ovan Bertrand,Coffee Cameleon,2014-01-16 07:38:00,7.19
Ovan Bertrand,Coffee Cameleon,2014-01-17 07:38:00,10.27
Ovan Bertrand,Frydos Autosupply n' More,2014-01-11 20:15:00,54.98
Ovan Bertrand,Gelatogalore,2014-01-07 13:54:00,8.97
Ovan Bertrand,General Grocer,2014-01-18 15:31:00,177.6
Ovan Bertrand,Guy's Gyros,2014-01-09 14:13:00,17.44
Ovan Bertrand,Kalami Kafenion,2014-01-08 13:29:00,24.08
Ovan Bertrand,Katerina’s Café,2014-01-06 20:33:00,15.52
Ovan Bertrand,Katerina’s Café,2014-01-07 20:32:00,19.53
Ovan Bertrand,Katerina’s Café,2014-01-08 20:42:00,32.83
Ovan Bertrand,Katerina’s Café,2014-01-09 19:30:00,26.6
Ovan Bertrand,Katerina’s Café,2014-01-10 19:56:00,21.89
Ovan Bertrand,Katerina’s Café,2014-01-12 20:11:00,34.1
Ovan Bertrand,Katerina’s Café,2014-01-12 20:11:00,67.14
Ovan Bertrand,Katerina’s Café,2014-01-13 13:52:00,29.55
Ovan Bertrand,Katerina’s Café,2014-01-13 13:52:00,29.83
Ovan Bertrand,Katerina’s Café,2014-01-13 19:50:00,29.55
Ovan Bertrand,Katerina’s Café,2014-01-13 19:50:00,29.83
Ovan Bertrand,Katerina’s Café,2014-01-14 13:41:00,15.46
Ovan Bertrand,Katerina’s Café,2014-01-14 13:41:00,36.95
Ovan Bertrand,Katerina’s Café,2014-01-14 20:17:00,15.46
Ovan Bertrand,Katerina’s Café,2014-01-14 20:17:00,36.95
Ovan Bertrand,Katerina’s Café,2014-01-15 21:21:00,27.48
Ovan Bertrand,Katerina’s Café,2014-01-16 19:47:00,14.34
Ovan Bertrand,Katerina’s Café,2014-01-17 13:42:00,21.01
Ovan Bertrand,Katerina’s Café,2014-01-18 19:53:00,76.1
Ovan Bertrand,Katerina’s Café,2014-01-19 18:54:00,12.25
Ovan Bertrand,Ouzeri Elian,2014-01-06 13:48:00,30.87
Ovan Bertrand,Ouzeri Elian,2014-01-18 13:34:00,53.36
Ovan Bertrand,Shoppers' Delight,2014-01-12 16:08:00,51.5
Pantanal Rachel,Abila Zacharo,2014-01-08 13:46:00,28.25
Pantanal Rachel,Abila Zacharo,2014-01-10 13:46:00,31.34
Pantanal Rachel,Gelatogalore,2014-01-07 13:49:00,36.5
Pantanal Rachel,Gelatogalore,2014-01-09 13:45:00,24.68
Pantanal Rachel,Gelatogalore,2014-01-13 14:01:00,37.17
Pantanal Rachel,Gelatogalore,2014-01-15 13:59:00,22.36
Pantanal Rachel,Gelatogalore,2014-01-17 13:47:00,18.1
Pantanal Rachel,Gelatogalore,2014-01-18 13:58:00,24.38
Pantanal Rachel,Hallowed Grounds,2014-01-06 07:54:00,12.93
Pantanal Rachel,Hallowed Grounds,2014-01-07 08:01:00,8.42
Pantanal Rachel,Hallowed Grounds,2014-01-08 07:50:00,3.9
Pantanal Rachel,Hallowed Grounds,2014-01-09 08:15:00,15.33
Pantanal Rachel,Hallowed Grounds,2014-01-10 07:46:00,17.63
Pantanal Rachel,Hallowed Grounds,2014-01-13 08:06:00,15.96
Pantanal Rachel,Hallowed Grounds,2014-01-14 08:12:00,10.65
Pantanal Rachel,Hallowed Grounds,2014-01-15 08:13:00,14.39
Pantanal Rachel,Hallowed Grounds,2014-01-16 08:09:00,4.6
Pantanal Rachel,Hippokampos,2014-01-06 13:35:00,36.54
Pantanal Rachel,Ouzeri Elian,2014-01-07 20:49:00,20.53
Pantanal Rachel,Ouzeri Elian,2014-01-13 20:43:00,21.83
Pantanal Rachel,Ouzeri Elian,2014-01-14 13:53:00,20.95
Pantanal Rachel,Ouzeri Elian,2014-01-14 13:53:00,33.67
Pantanal Rachel,Ouzeri Elian,2014-01-14 20:46:00,20.95
Pantanal Rachel,Ouzeri Elian,2014-01-14 20:46:00,33.67
Pantanal Rachel,Ouzeri Elian,2014-01-15 21:05:00,8.57
Pantanal Rachel,Ouzeri Elian,2014-01-16 20:25:00,22.65
Pantanal Rachel,Ouzeri Elian,2014-01-16 20:25:00,31.21
Pantanal Rachel,Ouzeri Elian,2014-01-17 20:35:00,26.4
Pantanal Rachel,Ouzeri Elian,2014-01-18 19:46:00,14.9
Pantanal Rachel,Shoppers' Delight,2014-01-09 21:13:00,258.43
Resumir Felix,Abila Zacharo,2014-01-08 13:51:00,30.85
Resumir Felix,Abila Zacharo,2014-01-11 14:19:00,45.2
Resumir Felix,Abila Zacharo,2014-01-16 13:55:00,8.43
Resumir Felix,Abila Zacharo,2014-01-19 14:20:00,47.8
Resumir Felix,Ahaggo Museum,2014-01-12 16:27:00,120.2
Resumir Felix,Brew've Been Served,2014-01-06 08:07:00,5.66
Resumir Felix,Brew've Been Served,2014-01-07 08:18:00,7.74
Resumir Felix,Brew've Been Served,2014-01-08 08:03:00,10.15
Resumir Felix,Brew've Been Served,2014-01-09 07:58:00,19.47
Resumir Felix,Brew've Been Served,2014-01-10 08:01:00,5.31
Resumir Felix,Brew've Been Served,2014-01-14 08:13:00,12.31
Resumir Felix,Brew've Been Served,2014-01-15 08:14:00,18.58
Resumir Felix,Brew've Been Served,2014-01-17 08:17:00,5.29
Resumir Felix,Frydos Autosupply n' More,2014-01-07 20:20:00,272.73
Resumir Felix,Frydos Autosupply n' More,2014-01-11 20:26:00,261.0
Resumir Felix,Frydos Autosupply n' More,2014-01-14 20:43:00,146.74
Resumir Felix,General Grocer,2014-01-18 20:07:00,108.49
Resumir Felix,Guy's Gyros,2014-01-06 20:09:00,11.94
Resumir Felix,Guy's Gyros,2014-01-10 20:09:00,29.81
Resumir Felix,Guy's Gyros,2014-01-12 13:31:00,34.74
Resumir Felix,Guy's Gyros,2014-01-13 14:13:00,12.76
Resumir Felix,Guy's Gyros,2014-01-16 20:09:00,28.27
Resumir Felix,Guy's Gyros,2014-01-17 13:55:00,16.83
Resumir Felix,Guy's Gyros,2014-01-17 19:46:00,16.83
Resumir Felix,Guy's Gyros,2014-01-19 20:51:00,39.6
Resumir Felix,Hippokampos,2014-01-10 13:58:00,39.89
Resumir Felix,Hippokampos,2014-01-14 13:57:00,17.18
Resumir Felix,Kalami Kafenion,2014-01-15 14:13:00,28.82
Resumir Felix,Kalami Kafenion,2014-01-18 14:17:00,53.36
Resumir Felix,Katerina’s Café,2014-01-06 14:17:00,19.65
Resumir Felix,Ouzeri Elian,2014-01-07 14:09:00,19.51
Resumir Felix,Shoppers' Delight,2014-01-13 20:45:00,144.4
Ribera Anda,Abila Zacharo,2014-01-10 14:09:00,9.32
Ribera Anda,Albert's Fine Clothing,2014-01-18 15:57:00,189.52
Ribera Anda,Frydos Autosupply n' More,2014-01-08 20:28:00,268.89
Ribera Anda,Gelatogalore,2014-01-07 13:57:00,15.4
Ribera Anda,Guy's Gyros,2014-01-15 13:45:00,12.19
Ribera Anda,Hallowed Grounds,2014-01-07 07:57:00,10.33
Ribera Anda,Hallowed Grounds,2014-01-08 07:57:00,11.63
Ribera Anda,Hallowed Grounds,2014-01-10 08:06:00,9.34
Ribera Anda,Hallowed Grounds,2014-01-13 07:57:00,6.32
Ribera Anda,Hallowed Grounds,2014-01-14 08:16:00,6.16
Ribera Anda,Hallowed Grounds,2014-01-15 07:51:00,18.69
Ribera Anda,Hallowed Grounds,2014-01-16 08:07:00,18.23
Ribera Anda,Hallowed Grounds,2014-01-17 07:59:00,5.52
Ribera Anda,Hippokampos,2014-01-06 13:20:00,34.03
Ribera Anda,Hippokampos,2014-01-11 13:37:00,22.23
Ribera Anda,Hippokampos,2014-01-16 13:35:00,13.05
Ribera Anda,Kalami Kafenion,2014-01-09 14:03:00,35.99
Ribera Anda,Katerina’s Café,2014-01-06 20:30:00,28.0
Ribera Anda,Katerina’s Café,2014-01-07 20:33:00,25.54
Ribera Anda,Katerina’s Café,2014-01-09 20:09:00,30.97
Ribera Anda,Katerina’s Café,2014-01-11 19:32:00,20.71
Ribera Anda,Katerina’s Café,2014-01-14 13:43:00,28.05
Ribera Anda,Katerina’s Café,2014-01-14 13:43:00,31.69
Ribera Anda,Katerina’s Café,2014-01-18 13:15:00,34.54
Ribera Anda,Katerina’s Café,2014-01-18 19:36:00,34.54
Sanjorge Jr. Sten,Abila Zacharo,2014-01-17 13:28:00,15.95
Sanjorge Jr. Sten,Chostus Hotel,2014-01-18 12:03:00,600.0
Sanjorge Jr. Sten,Desafio Golf Course,2014-01-19 15:46:00,148.22
Sanjorge Jr. Sten,Guy's Gyros,2014-01-19 19:45:00,25.79
Sanjorge Jr. Sten,Hallowed Grounds,2014-01-17 07:56:00,9.72
Scozzese Dylan,Abila Airport,2014-01-09 13:18:00,4792.5
Scozzese Dylan,Abila Airport,2014-01-14 13:06:00,3339.21
Scozzese Dylan,Abila Airport,2014-01-16 13:22:00,3138.98
Scozzese Dylan,Abila Scrapyard,2014-01-07 14:16:00,2149.28
Scozzese Dylan,Abila Scrapyard,2014-01-09 14:12:00,1158.36
Scozzese Dylan,Abila Scrapyard,2014-01-14 14:13:00,4277.4
Scozzese Dylan,Abila Scrapyard,2014-01-16 16:56:00,1897.05
Scozzese Dylan,Nationwide Refinery,2014-01-07 16:24:00,889.58
Scozzese Dylan,Nationwide Refinery,2014-01-09 16:27:00,1322.5
Scozzese Dylan,Nationwide Refinery,2014-01-14 16:28:00,4429.76
Scozzese Dylan,Stewart and Sons Fabrication,2014-01-09 15:00:00,918.6
Strum Orhan,Abila Zacharo,2014-01-18 13:04:00,111.93
Strum Orhan,Albert's Fine Clothing,2014-01-11 19:27:00,105.33
Strum Orhan,Albert's Fine Clothing,2014-01-18 18:59:00,226.49
Strum Orhan,Desafio Golf Course,2014-01-19 12:41:00,150.07
Strum Orhan,Gelatogalore,2014-01-13 13:03:00,32.83
Strum Orhan,Gelatogalore,2014-01-17 13:17:00,15.84
Strum Orhan,Guy's Gyros,2014-01-07 13:13:00,29.57
Strum Orhan,Guy's Gyros,2014-01-10 13:12:00,36.44
Strum Orhan,Hippokampos,2014-01-09 21:12:00,23.66
Strum Orhan,Hippokampos,2014-01-12 19:51:00,52.21
Strum Orhan,Hippokampos,2014-01-13 21:27:00,39.63
Strum Orhan,Hippokampos,2014-01-15 21:42:00,37.16
Strum Orhan,Jack's Magical Beans,2014-01-06 12:00:00,7.84
Strum Orhan,Jack's Magical Beans,2014-01-07 12:00:00,19.61
Strum Orhan,Jack's Magical Beans,2014-01-08 12:00:00,12.37
Strum Orhan,Jack's Magical Beans,2014-01-10 12:00:00,5.46
Strum Orhan,Jack's Magical Beans,2014-01-13 12:00:00,9.64
Strum Orhan,Jack's Magical Beans,2014-01-14 12:00:00,15.7
Strum Orhan,Jack's Magical Beans,2014-01-15 12:00:00,4.06
Strum Orhan,Jack's Magical Beans,2014-01-16 12:00:00,12.56
Strum Orhan,Kalami Kafenion,2014-01-15 13:08:00,22.39
Strum Orhan,Katerina’s Café,2014-01-09 13:27:00,25.85
Strum Orhan,Katerina’s Café,2014-01-11 13:19:00,45.22
Strum Orhan,Katerina’s Café,2014-01-14 13:14:00,29.12
Strum Orhan,Ouzeri Elian,2014-01-08 13:21:00,29.73
Strum Orhan,Ouzeri Elian,2014-01-12 13:32:00,117.22
Strum Orhan,Shoppers' Delight,2014-01-18 15:40:00,258.33
Tempestad Brand,Abila Zacharo,2014-01-07 13:41:00,17.81
Tempestad Brand,Abila Zacharo,2014-01-12 13:45:00,11.2
Tempestad Brand,Abila Zacharo,2014-01-13 13:27:00,8.72
Tempestad Brand,Ahaggo Museum,2014-01-11 17:16:00,32.14
Tempestad Brand,Brew've Been Served,2014-01-06 07:43:00,16.9
Tempestad Brand,Brew've Been Served,2014-01-07 07:56:00,18.53
Tempestad Brand,Brew've Been Served,2014-01-08 07:48:00,19.17
Tempestad Brand,Brew've Been Served,2014-01-09 07:36:00,10.71
Tempestad Brand,Brew've Been Served,2014-01-13 07:40:00,8.0
Tempestad Brand,Brew've Been Served,2014-01-14 07:40:00,5.87
Tempestad Brand,Brew've Been Served,2014-01-15 07:40:00,19.87
Tempestad Brand,Chostus Hotel,2014-01-08 13:19:00,111.89
Tempestad Brand,Chostus Hotel,2014-01-10 13:08:00,113.25
Tempestad Brand,Chostus Hotel,2014-01-14 13:21:00,113.08
Tempestad Brand,Chostus Hotel,2014-01-17 13:49:00,114.22
Tempestad Brand,Frydos Autosupply n' More,2014-01-15 20:04:00,235.27
Tempestad Brand,Guy's Gyros,2014-01-08 20:17:00,18.24
Tempestad Brand,Guy's Gyros,2014-01-16 20:14:00,31.31
Tempestad Brand,Guy's Gyros,2014-01-17 20:59:00,29.71
Tempestad Brand,Guy's Gyros,2014-01-19 20:16:00,37.48
Tempestad Brand,Hippokampos,2014-01-09 13:36:00,27.93
Tempestad Brand,Hippokampos,2014-01-11 19:27:00,32.63
Tempestad Brand,Hippokampos,2014-01-15 13:12:00,38.89
Tempestad Brand,Katerina’s Café,2014-01-16 13:17:00,11.08
Vann Edvard,Abila Zacharo,2014-01-18 19:36:00,21.29
Vann Edvard,Ahaggo Museum,2014-01-11 16:24:00,89.32
Vann Edvard,Brew've Been Served,2014-01-06 07:28:00,11.34
Vann Edvard,Brew've Been Served,2014-01-08 08:00:00,12.3
Vann Edvard,Brew've Been Served,2014-01-09 07:48:00,5.13
Vann Edvard,Brew've Been Served,2014-01-10 07:56:00,17.25
Vann Edvard,Brew've Been Served,2014-01-13 07:43:00,18.71
Vann Edvard,Brew've Been Served,2014-01-14 07:31:00,4.72
Vann Edvard,Brew've Been Served,2014-01-15 07:57:00,4.92
Vann Edvard,Brew've Been Served,2014-01-16 07:53:00,4.7
Vann Edvard,Brew've Been Served,2014-01-17 07:59:00,19.39
Vann Edvard,Frydos Autosupply n' More,2014-01-19 15:53:00,209.76
Vann Edvard,Gelatogalore,2014-01-09 13:21:00,23.45
Vann Edvard,General Grocer,2014-01-09 20:19:00,285.34
Vann Edvard,Guy's Gyros,2014-01-10 19:54:00,27.78
Vann Edvard,Guy's Gyros,2014-01-13 20:11:00,20.47
Vann Edvard,Guy's Gyros,2014-01-14 20:01:00,23.59
Vann Edvard,Guy's Gyros,2014-01-16 19:40:00,37.8
Vann Edvard,Guy's Gyros,2014-01-17 19:53:00,35.1
Vann Edvard,Hippokampos,2014-01-06 13:23:00,13.26
Vann Edvard,Hippokampos,2014-01-08 13:15:00,9.03
Vann Edvard,Hippokampos,2014-01-10 13:20:00,39.26
Vann Edvard,Hippokampos,2014-01-11 19:29:00,63.21
Vann Edvard,Hippokampos,2014-01-17 13:27:00,14.57
Vann Edvard,Kalami Kafenion,2014-01-07 13:33:00,18.06
Vann Edvard,Katerina’s Café,2014-01-14 13:34:00,29.1
Vann Edvard,Katerina’s Café,2014-01-19 13:23:00,70.22
Vann Edvard,Octavio's Office Supplies,2014-01-10 14:41:00,139.72
Vann Edvard,Ouzeri Elian,2014-01-13 13:37:00,35.03
Vann Isia,Abila Zacharo,2014-01-06 13:35:00,12.05
Vann Isia,Abila Zacharo,2014-01-17 13:45:00,39.67
Vann Isia,Brew've Been Served,2014-01-08 07:31:00,15.66
Vann Isia,Brew've Been Served,2014-01-09 07:48:00,14.85
Vann Isia,Brew've Been Served,2014-01-10 07:56:00,10.72
Vann Isia,Brew've Been Served,2014-01-13 07:53:00,19.64
Vann Isia,Brew've Been Served,2014-01-14 07:35:00,7.31
Vann Isia,Brew've Been Served,2014-01-16 07:34:00,8.18
Vann Isia,Brew've Been Served,2014-01-17 07:57:00,10.52
Vann Isia,Guy's Gyros,2014-01-07 13:20:00,9.76
Vann Isia,Guy's Gyros,2014-01-07 13:20:00,38.56
Vann Isia,Guy's Gyros,2014-01-07 20:19:00,9.76
Vann Isia,Guy's Gyros,2014-01-07 20:19:00,38.56
Vann Isia,Guy's Gyros,2014-01-08 19:36:00,15.69
Vann Isia,Guy's Gyros,2014-01-09 13:21:00,25.4
Vann Isia,Guy's Gyros,2014-01-09 13:21:00,31.81
Vann Isia,Guy's Gyros,2014-01-09 19:41:00,25.4
Vann Isia,Guy's Gyros,2014-01-09 19:41:00,31.81
Vann Isia,Guy's Gyros,2014-01-11 20:09:00,16.33
Vann Isia,Guy's Gyros,2014-01-13 20:09:00,22.34
Vann Isia,Guy's Gyros,2014-01-14 21:31:00,26.14
Vann Isia,Guy's Gyros,2014-01-15 13:41:00,28.75
Vann Isia,Guy's Gyros,2014-01-15 13:41:00,29.34
Vann Isia,Guy's Gyros,2014-01-15 20:02:00,28.75
Vann Isia,Guy's Gyros,2014-01-15 20:02:00,29.34
Vann Isia,Guy's Gyros,2014-01-19 20:00:00,18.08
Vann Isia,Hippokampos,2014-01-13 13:34:00,39.9
Vann Isia,Hippokampos,2014-01-16 13:44:00,18.18
Vann Isia,Kalami Kafenion,2014-01-08 13:44:00,31.96
Vann Isia,Katerina’s Café,2014-01-10 13:36:00,25.36
Vann Isia,Katerina’s Café,2014-01-14 13:32:00,20.95
Vann Isia,Katerina’s Café,2014-01-18 20:09:00,19.31
Vann Isia,Katerina’s Café,2014-01-19 13:00:00,35.01
Vann Isia,Roberts and Sons,2014-01-16 20:52:00,240.66
Vann Isia,Shoppers' Delight,2014-01-06 20:49:00,293.67
Vasco-Pais Willem,Abila Zacharo,2014-01-08 13:23:00,36.85
Vasco-Pais Willem,Abila Zacharo,2014-01-09 13:32:00,8.6
Vasco-Pais Willem,Desafio Golf Course,2014-01-12 13:45:00,129.33
Vasco-Pais Willem,Desafio Golf Course,2014-01-19 15:15:00,110.02
Vasco-Pais Willem,Frydos Autosupply n' More,2014-01-18 15:53:00,120.67
Vasco-Pais Willem,Gelatogalore,2014-01-07 13:35:00,8.98
Vasco-Pais Willem,Gelatogalore,2014-01-14 13:33:00,39.17
Vasco-Pais Willem,Gelatogalore,2014-01-15 13:39:00,9.61
Vasco-Pais Willem,Gelatogalore,2014-01-16 13:33:00,12.33
Vasco-Pais Willem,Guy's Gyros,2014-01-06 13:46:00,19.67
Vasco-Pais Willem,Guy's Gyros,2014-01-13 13:40:00,29.25
Vasco-Pais Willem,Hippokampos,2014-01-07 21:17:00,37.88
Vasco-Pais Willem,Hippokampos,2014-01-08 21:32:00,18.99
Vasco-Pais Willem,Hippokampos,2014-01-09 20:41:00,9.13
Vasco-Pais Willem,Hippokampos,2014-01-10 13:40:00,32.01
Vasco-Pais Willem,Hippokampos,2014-01-10 13:40:00,39.97
Vasco-Pais Willem,Hippokampos,2014-01-10 22:21:00,32.01
Vasco-Pais Willem,Hippokampos,2014-01-10 22:21:00,39.97
Vasco-Pais Willem,Hippokampos,2014-01-13 20:35:00,29.22
Vasco-Pais Willem,Hippokampos,2014-01-14 20:22:00,9.55
Vasco-Pais Willem,Hippokampos,2014-01-17 21:29:00,38.19
Vasco-Pais Willem,Hippokampos,2014-01-18 19:36:00,53.21
Vasco-Pais Willem,Hippokampos,2014-01-19 19:56:00,63.17
Vasco-Pais Willem,Jack's Magical Beans,2014-01-06 12:00:00,18.1
Vasco-Pais Willem,Jack's Magical Beans,2014-01-07 12:00:00,9.84
Vasco-Pais Willem,Jack's Magical Beans,2014-01-08 12:00:00,11.25
Vasco-Pais Willem,Jack's Magical Beans,2014-01-09 12:00:00,17.43
Vasco-Pais Willem,Jack's Magical Beans,2014-01-13 12:00:00,17.52
Vasco-Pais Willem,Jack's Magical Beans,2014-01-15 12:00:00,19.54
Vasco-Pais Willem,Jack's Magical Beans,2014-01-16 12:00:00,6.95
Vasco-Pais Willem,Kalami Kafenion,2014-01-17 13:37:00,25.32
Vasco-Pais Willem,Kalami Kafenion,2014-01-18 13:28:00,38.91
